<?xml version = '1.0' encoding = 'UTF-8'?>
<FKIndexAssociation class="oracle.dbtools.crest.model.design.relational.FKIndexAssociation" directorySegmentName="seg_0" id="17CFDB84-C0F2-543E-CEF8-4FF168BA77C0" containerWithKeyObject="984E1DA6-07B3-A569-3FE5-EA675C91EBF8" localFKIndex="8FF66BBD-5CE8-CE97-C507-0C3EC1582BA4" name="Detalle_Boleta_Producto_FK">
<createdBy>benjv</createdBy>
<createdTime>2026-02-05 16:43:40 UTC</createdTime>
<generatorID>52B83D6A-6441-4DD4-6B26-BE2CA2D77E0F</generatorID>
<ownerDesignName>Sumativa II</ownerDesignName>
<referredTableLongName>Producto</referredTableLongName>
<deleteRule>NO ACTION</deleteRule>
<referredTableID>8A85A34F-90A3-C1DF-49D1-48CD2A642D60</referredTableID>
<keyObject>1B11B01F-D898-C4AD-9C4E-6635CC66D7BC</keyObject>
<referredKeyID>1B11B01F-D898-C4AD-9C4E-6635CC66D7BC</referredKeyID>
<mandatory>true</mandatory>
<refColNames>Id_Producto,Sucursal_Sigla_Sucursal</refColNames>
<transferable>true</transferable>
<rely>false</rely>
<columnDependencyConstraintGenerateInDDL>true</columnDependencyConstraintGenerateInDDL>
</FKIndexAssociation>