<?xml version = '1.0' encoding = 'UTF-8'?>
<FKIndexAssociation class="oracle.dbtools.crest.model.design.relational.FKIndexAssociation" directorySegmentName="seg_0" id="1AA5533D-2C62-88C2-3741-297503F3A50D" containerWithKeyObject="CEA4BF5B-D4A6-FE2C-7F92-0FD3E1A11E61" localFKIndex="20CC8C70-17C6-A209-6A42-C97B1BD3859B" name="Modelo_Marca_FK">
<createdBy>benjv</createdBy>
<createdTime>2026-02-05 16:43:40 UTC</createdTime>
<generatorID>2EE1D7A5-83FF-973E-9919-A9B02E83221B</generatorID>
<ownerDesignName>Sumativa II</ownerDesignName>
<referredTableLongName>Marca</referredTableLongName>
<deleteRule>NO ACTION</deleteRule>
<referredTableID>425E1AC0-35CB-D88B-318F-CC89BCE7F5D3</referredTableID>
<keyObject>D10F7723-4679-6455-1C5C-C8EA42CFCE9D</keyObject>
<referredKeyID>D10F7723-4679-6455-1C5C-C8EA42CFCE9D</referredKeyID>
<mandatory>true</mandatory>
<refColNames>Id_Marca</refColNames>
<transferable>true</transferable>
<rely>false</rely>
<columnDependencyConstraintGenerateInDDL>true</columnDependencyConstraintGenerateInDDL>
</FKIndexAssociation>