<?xml version = '1.0' encoding = 'UTF-8'?>
<FKIndexAssociation class="oracle.dbtools.crest.model.design.relational.FKIndexAssociation" directorySegmentName="seg_0" id="2D01D490-51AA-4DF5-FD1E-9B9B8E397696" containerWithKeyObject="9DA5623E-9A2D-53EF-B1B5-40893AB6DA40" localFKIndex="48BD025E-6C57-A144-0A21-076541FE8B7C" name="Comuna_Region_FK">
<createdBy>benjv</createdBy>
<createdTime>2026-02-05 16:43:40 UTC</createdTime>
<generatorID>A2392FD0-2D05-C763-324B-862998423958</generatorID>
<ownerDesignName>Sumativa II</ownerDesignName>
<referredTableLongName>Region</referredTableLongName>
<deleteRule>NO ACTION</deleteRule>
<referredTableID>FF811669-AD19-2C04-8139-F5C87C1A691E</referredTableID>
<keyObject>56BB14E2-942B-E9CD-4C9A-702F5B9A91D4</keyObject>
<referredKeyID>56BB14E2-942B-E9CD-4C9A-702F5B9A91D4</referredKeyID>
<mandatory>true</mandatory>
<refColNames>Id_Region</refColNames>
<transferable>true</transferable>
<rely>false</rely>
<columnDependencyConstraintGenerateInDDL>true</columnDependencyConstraintGenerateInDDL>
</FKIndexAssociation>