<?xml version = '1.0' encoding = 'UTF-8'?>
<FKIndexAssociation class="oracle.dbtools.crest.model.design.relational.FKIndexAssociation" directorySegmentName="seg_0" id="3FAF7199-4177-E0A5-11AD-6CEC139377CF" containerWithKeyObject="E010EC28-5F16-B4D4-6723-64212B306F4B" localFKIndex="3FD08CED-2EE0-457E-FD49-A480A076B37D" name="Proveedor_Persona_Proveedor_FK">
<createdBy>benjv</createdBy>
<createdTime>2026-02-05 16:43:40 UTC</createdTime>
<generatorID>26DDC17D-CD28-25F6-03DB-CEBE18138E00</generatorID>
<ownerDesignName>Sumativa II</ownerDesignName>
<referredTableLongName>Proveedor</referredTableLongName>
<arc>CAB47250-F61E-C5D6-40F0-E09F82BA610D</arc>
<deleteRule>NO ACTION</deleteRule>
<referredTableID>A1025795-34A6-D861-542B-D225036C372C</referredTableID>
<keyObject>F71D0ACF-262C-557C-8138-A7A493AD5908</keyObject>
<referredKeyID>F71D0ACF-262C-557C-8138-A7A493AD5908</referredKeyID>
<mandatory>true</mandatory>
<refColNames>Rut</refColNames>
<transferable>true</transferable>
<rely>false</rely>
<discriminatorValue>P</discriminatorValue>
<columnDependencyConstraintGenerateInDDL>true</columnDependencyConstraintGenerateInDDL>
</FKIndexAssociation>