<?xml version = '1.0' encoding = 'UTF-8'?>
<FKIndexAssociation class="oracle.dbtools.crest.model.design.relational.FKIndexAssociation" directorySegmentName="seg_0" id="75F3D92D-8585-940C-95DA-C6C415C15E7E" containerWithKeyObject="984E1DA6-07B3-A569-3FE5-EA675C91EBF8" localFKIndex="5F984690-7D1A-975E-1EB0-539A4972BFDD" name="Detalle_Boleta_Boleta_FK">
<createdBy>benjv</createdBy>
<createdTime>2026-02-05 16:43:40 UTC</createdTime>
<generatorID>52B83D6A-6441-4DD4-6B26-BE2CA2D77E0F</generatorID>
<ownerDesignName>Sumativa II</ownerDesignName>
<referredTableLongName>Boleta</referredTableLongName>
<deleteRule>NO ACTION</deleteRule>
<referredTableID>E323B2D8-30AA-FCDC-04CB-D39A7AE47B0F</referredTableID>
<keyObject>92AE310C-92E3-A609-B831-9B763F29D773</keyObject>
<referredKeyID>92AE310C-92E3-A609-B831-9B763F29D773</referredKeyID>
<mandatory>true</mandatory>
<refColNames>Num_Boleta</refColNames>
<transferable>true</transferable>
<rely>false</rely>
<columnDependencyConstraintGenerateInDDL>true</columnDependencyConstraintGenerateInDDL>
</FKIndexAssociation>