<?xml version = '1.0' encoding = 'UTF-8'?>
<FKIndexAssociation class="oracle.dbtools.crest.model.design.relational.FKIndexAssociation" directorySegmentName="seg_0" id="76D2781E-F0D9-A593-5228-B43A752FDB96" containerWithKeyObject="8A85A34F-90A3-C1DF-49D1-48CD2A642D60" localFKIndex="1AF1F8FB-ADC0-46B2-04A7-0C82C65DC789" name="Producto_Modelo_FK">
<createdBy>benjv</createdBy>
<createdTime>2026-02-05 16:43:40 UTC</createdTime>
<generatorID>026E984E-6762-6BE3-B0C3-6321ADDE55D9</generatorID>
<ownerDesignName>Sumativa II</ownerDesignName>
<referredTableLongName>Modelo</referredTableLongName>
<deleteRule>NO ACTION</deleteRule>
<referredTableID>CEA4BF5B-D4A6-FE2C-7F92-0FD3E1A11E61</referredTableID>
<keyObject>C7CABD0F-D379-C305-CA6A-2E016BB16E6E</keyObject>
<referredKeyID>C7CABD0F-D379-C305-CA6A-2E016BB16E6E</referredKeyID>
<mandatory>true</mandatory>
<refColNames>Id_Modelo,Marca_Id_Marca</refColNames>
<transferable>true</transferable>
<rely>false</rely>
<columnDependencyConstraintGenerateInDDL>true</columnDependencyConstraintGenerateInDDL>
</FKIndexAssociation>