<?xml version = '1.0' encoding = 'UTF-8'?>
<FKIndexAssociation class="oracle.dbtools.crest.model.design.relational.FKIndexAssociation" directorySegmentName="seg_0" id="89C9B354-DCEE-EFED-671C-2D0933566866" containerWithKeyObject="C9CD0AA2-042D-73F3-68A9-F9F47F5545E2" localFKIndex="E66247DD-5437-BCC8-4CE5-0027CD379A34" name="Sucursal_Comuna_FK">
<createdBy>benjv</createdBy>
<createdTime>2026-02-05 16:43:40 UTC</createdTime>
<generatorID>37699C6F-F54B-1E60-2A64-4D1E379522C7</generatorID>
<ownerDesignName>Sumativa II</ownerDesignName>
<referredTableLongName>Comuna</referredTableLongName>
<deleteRule>NO ACTION</deleteRule>
<referredTableID>9DA5623E-9A2D-53EF-B1B5-40893AB6DA40</referredTableID>
<keyObject>794570F8-5B99-75EB-C852-A5A600B8B16C</keyObject>
<referredKeyID>794570F8-5B99-75EB-C852-A5A600B8B16C</referredKeyID>
<mandatory>true</mandatory>
<refColNames>Id_Comuna</refColNames>
<transferable>true</transferable>
<rely>false</rely>
<columnDependencyConstraintGenerateInDDL>true</columnDependencyConstraintGenerateInDDL>
</FKIndexAssociation>