<?xml version = '1.0' encoding = 'UTF-8'?>
<FKIndexAssociation class="oracle.dbtools.crest.model.design.relational.FKIndexAssociation" directorySegmentName="seg_0" id="A65B61DA-1E0F-84EA-77D3-AEEA9D87EE3B" containerWithKeyObject="A1025795-34A6-D861-542B-D225036C372C" localFKIndex="F90A9AA3-91DF-ED47-51CB-60DB3F7D4A4F" name="Proveedor_Comuna_FK">
<createdBy>benjv</createdBy>
<createdTime>2026-02-05 16:43:40 UTC</createdTime>
<generatorID>3A5A0F4C-D27D-7DF7-FE25-2F3A08431AF9</generatorID>
<ownerDesignName>Sumativa II</ownerDesignName>
<referredTableLongName>Comuna</referredTableLongName>
<deleteRule>NO ACTION</deleteRule>
<referredTableID>9DA5623E-9A2D-53EF-B1B5-40893AB6DA40</referredTableID>
<keyObject>794570F8-5B99-75EB-C852-A5A600B8B16C</keyObject>
<referredKeyID>794570F8-5B99-75EB-C852-A5A600B8B16C</referredKeyID>
<mandatory>true</mandatory>
<refColNames>Id_Comuna</refColNames>
<transferable>true</transferable>
<rely>false</rely>
<columnDependencyConstraintGenerateInDDL>true</columnDependencyConstraintGenerateInDDL>
</FKIndexAssociation>