<?xml version = '1.0' encoding = 'UTF-8'?>
<FKIndexAssociation class="oracle.dbtools.crest.model.design.relational.FKIndexAssociation" directorySegmentName="seg_0" id="AF026F0A-15F4-D7F6-AE7E-619DF4403AF3" containerWithKeyObject="8A85A34F-90A3-C1DF-49D1-48CD2A642D60" localFKIndex="16F52540-F506-ECFF-9BF7-174F1DF6F4F6" name="Producto_Sucursal_FK">
<createdBy>benjv</createdBy>
<createdTime>2026-02-05 16:43:40 UTC</createdTime>
<generatorID>E961DE19-D7B8-5D0A-F1EF-FBB18FB0B51B</generatorID>
<ownerDesignName>Sumativa II</ownerDesignName>
<referredTableLongName>Sucursal</referredTableLongName>
<deleteRule>NO ACTION</deleteRule>
<referredTableID>C9CD0AA2-042D-73F3-68A9-F9F47F5545E2</referredTableID>
<keyObject>DAD9951E-7E79-2EDD-D536-2A3E80AFB5DD</keyObject>
<referredKeyID>DAD9951E-7E79-2EDD-D536-2A3E80AFB5DD</referredKeyID>
<mandatory>true</mandatory>
<refColNames>Sigla_Sucursal</refColNames>
<transferable>true</transferable>
<rely>false</rely>
<columnDependencyConstraintGenerateInDDL>true</columnDependencyConstraintGenerateInDDL>
</FKIndexAssociation>