<?xml version = '1.0' encoding = 'UTF-8'?>
<FKIndexAssociation class="oracle.dbtools.crest.model.design.relational.FKIndexAssociation" directorySegmentName="seg_0" id="CAB69A9D-B94A-CDA9-D0A1-DA0D846E27F5" containerWithKeyObject="FD7C5BD8-D926-82EB-53C1-3549E8715455" localFKIndex="7E8E2AA0-87D6-95E8-421D-0CEFFD615B7E" name="Proveedor_Empresa_Proveedor_FK">
<createdBy>benjv</createdBy>
<createdTime>2026-02-05 16:43:40 UTC</createdTime>
<generatorID>5F8B45DB-25BC-BB2B-C4C2-C90FEDBEA9D2</generatorID>
<ownerDesignName>Sumativa II</ownerDesignName>
<referredTableLongName>Proveedor</referredTableLongName>
<arc>CAB47250-F61E-C5D6-40F0-E09F82BA610D</arc>
<deleteRule>NO ACTION</deleteRule>
<referredTableID>A1025795-34A6-D861-542B-D225036C372C</referredTableID>
<keyObject>F71D0ACF-262C-557C-8138-A7A493AD5908</keyObject>
<referredKeyID>F71D0ACF-262C-557C-8138-A7A493AD5908</referredKeyID>
<mandatory>true</mandatory>
<refColNames>Rut</refColNames>
<transferable>true</transferable>
<rely>false</rely>
<discriminatorValue>E</discriminatorValue>
<columnDependencyConstraintGenerateInDDL>true</columnDependencyConstraintGenerateInDDL>
</FKIndexAssociation>