<?xml version = '1.0' encoding = 'UTF-8'?>
<FKIndexAssociation class="oracle.dbtools.crest.model.design.relational.FKIndexAssociation" directorySegmentName="seg_0" id="CAD15D2C-8AE6-6FB6-7749-EC77DCA55F89" containerWithKeyObject="8A85A34F-90A3-C1DF-49D1-48CD2A642D60" localFKIndex="C6442DAC-23FC-4BA5-9C2D-DFFAD20CBF7F" name="Producto_Proveedor_FK">
<createdBy>benjv</createdBy>
<createdTime>2026-02-05 16:43:40 UTC</createdTime>
<generatorID>E501E8B7-0B04-09C0-580E-E1CF5BD00288</generatorID>
<ownerDesignName>Sumativa II</ownerDesignName>
<referredTableLongName>Proveedor</referredTableLongName>
<deleteRule>NO ACTION</deleteRule>
<referredTableID>A1025795-34A6-D861-542B-D225036C372C</referredTableID>
<keyObject>F71D0ACF-262C-557C-8138-A7A493AD5908</keyObject>
<referredKeyID>F71D0ACF-262C-557C-8138-A7A493AD5908</referredKeyID>
<mandatory>true</mandatory>
<refColNames>Rut</refColNames>
<transferable>true</transferable>
<rely>false</rely>
<columnDependencyConstraintGenerateInDDL>true</columnDependencyConstraintGenerateInDDL>
</FKIndexAssociation>