<?xml version = '1.0' encoding = 'UTF-8'?>
<FKIndexAssociation class="oracle.dbtools.crest.model.design.relational.FKIndexAssociation" directorySegmentName="seg_0" id="D77A06A9-C6F1-C319-8B07-2963EDCDBBFA" containerWithKeyObject="E92AA1C2-8D08-9D7E-50FC-4F3B5FB65705" localFKIndex="4C8A7286-ABCE-FD36-EAA1-4CB462253CB3" name="Cliente_Comuna_FK">
<createdBy>benjv</createdBy>
<createdTime>2026-02-05 16:43:40 UTC</createdTime>
<generatorID>A13DAC27-B12E-8256-57F1-246DBAD4ECAA</generatorID>
<ownerDesignName>Sumativa II</ownerDesignName>
<referredTableLongName>Comuna</referredTableLongName>
<deleteRule>NO ACTION</deleteRule>
<referredTableID>9DA5623E-9A2D-53EF-B1B5-40893AB6DA40</referredTableID>
<keyObject>794570F8-5B99-75EB-C852-A5A600B8B16C</keyObject>
<referredKeyID>794570F8-5B99-75EB-C852-A5A600B8B16C</referredKeyID>
<mandatory>true</mandatory>
<refColNames>Id_Comuna</refColNames>
<transferable>true</transferable>
<rely>false</rely>
<columnDependencyConstraintGenerateInDDL>true</columnDependencyConstraintGenerateInDDL>
</FKIndexAssociation>