<?xml version = '1.0' encoding = 'UTF-8'?>
<FKIndexAssociation class="oracle.dbtools.crest.model.design.relational.FKIndexAssociation" directorySegmentName="seg_0" id="FD7BC425-2820-1D9B-8C00-8444A805099F" containerWithKeyObject="E323B2D8-30AA-FCDC-04CB-D39A7AE47B0F" localFKIndex="1E178A15-4849-4F7C-B270-6ED04AF1722C" name="Boleta_Cliente_FK">
<createdBy>benjv</createdBy>
<createdTime>2026-02-05 16:43:40 UTC</createdTime>
<generatorID>FBFDF298-AB7D-746D-0509-8C08A9768434</generatorID>
<ownerDesignName>Sumativa II</ownerDesignName>
<referredTableLongName>Cliente</referredTableLongName>
<deleteRule>NO ACTION</deleteRule>
<referredTableID>E92AA1C2-8D08-9D7E-50FC-4F3B5FB65705</referredTableID>
<keyObject>52165541-2F26-D268-DEA6-76E163348A99</keyObject>
<referredKeyID>52165541-2F26-D268-DEA6-76E163348A99</referredKeyID>
<mandatory>true</mandatory>
<refColNames>Id_Cliente</refColNames>
<transferable>true</transferable>
<rely>false</rely>
<columnDependencyConstraintGenerateInDDL>true</columnDependencyConstraintGenerateInDDL>
</FKIndexAssociation>