<?xml version = '1.0' encoding = 'UTF-8'?>
<Arc class="oracle.dbtools.crest.model.design.logical.Arc" directorySegmentName="seg_0" id="6382FA95-E799-43A2-D8FA-17583A49350B" name="Arc_2">
<createdBy>veltran</createdBy>
<createdTime>2026-01-25 21:48:19 UTC</createdTime>
<ownerDesignName>Sumativa I</ownerDesignName>
<engineerTo>
<item key="66EBA51E-90F4-4FEF-353F-9CD4EF20FF03" value="true"/>
</engineerTo>
<entity>988241E9-9008-6B6F-7BAB-4135D0F8354B</entity>
<relations>
<relationID>3D12F5CB-C446-4DE0-9CF6-79288776F049</relationID>
<relationID>1BB34344-CF1E-5F21-3AF8-2D9E574FE3C5</relationID>
</relations>
</Arc>