<?xml version = '1.0' encoding = 'UTF-8'?>
<Arc class="oracle.dbtools.crest.model.design.logical.Arc" directorySegmentName="seg_0" id="A14AA208-5761-4252-53A8-CCB4C67651D0" name="Arc_1">
<createdBy>veltran</createdBy>
<createdTime>2026-01-25 21:20:39 UTC</createdTime>
<ownerDesignName>Sumativa I</ownerDesignName>
<engineerTo>
<item key="66EBA51E-90F4-4FEF-353F-9CD4EF20FF03" value="true"/>
</engineerTo>
<entity>EACE5D14-486D-8D83-7C83-FCF165437581</entity>
<relations>
<relationID>1CC7D810-0951-8065-0E60-E97353C0B945</relationID>
<relationID>CB956030-92FA-814C-68CC-8971D06D66A5</relationID>
</relations>
</Arc>