<?xml version = '1.0' encoding = 'UTF-8'?>
<Table class="oracle.dbtools.crest.model.design.relational.Table" directorySegmentName="seg_0" id="8A85A34F-90A3-C1DF-49D1-48CD2A642D60" name="Producto">
<createdBy>benjv</createdBy>
<createdTime>2026-02-05 16:43:40 UTC</createdTime>
<generatorID>A78F31F2-92D0-85AE-0DE0-43D68161E495</generatorID>
<ownerDesignName>Sumativa II</ownerDesignName>
<allowColumnReorder>false</allowColumnReorder>
<existDependencyGenerateInDDl>true</existDependencyGenerateInDDl>
<parsed>true</parsed>
<columns itemClass="oracle.dbtools.crest.model.design.relational.Column">
<Column name="Id_Producto" id="6C45C9E4-AB8B-ECA9-08E1-C6F22DD95395">
<createdBy>benjv</createdBy>
<createdTime>2026-02-05 16:43:40 UTC</createdTime>
<generatorID>B2052F8E-975C-196F-3446-C6F276D1AB70</generatorID>
<ownerDesignName>Sumativa II</ownerDesignName>
<useDomainConstraints>false</useDomainConstraints>
<use>1</use>
<logicalDatatype>LOGDT019</logicalDatatype>
<dataTypePrecision>4</dataTypePrecision>
<ownDataTypeParameters>,4,</ownDataTypeParameters>
<autoIncrementCycle>false</autoIncrementCycle>
</Column>
<Column name="Nombre_Producto" id="7593818C-9109-A2D2-321F-E5FAD712C61B">
<createdBy>benjv</createdBy>
<createdTime>2026-02-05 16:43:40 UTC</createdTime>
<generatorID>653A2F7E-182B-8032-EBA0-7221913C2B0A</generatorID>
<ownerDesignName>Sumativa II</ownerDesignName>
<useDomainConstraints>false</useDomainConstraints>
<use>1</use>
<logicalDatatype>LOGDT024</logicalDatatype>
<dataTypeSize>150</dataTypeSize>
<ownDataTypeParameters>150,,</ownDataTypeParameters>
<autoIncrementCycle>false</autoIncrementCycle>
</Column>
<Column name="Descripcion" id="78826D14-B053-7DAC-FF1B-BFCABF04271B">
<createdBy>benjv</createdBy>
<createdTime>2026-02-05 16:43:40 UTC</createdTime>
<generatorID>3F70D5DA-A4A3-453F-9D50-591B89D4F75B</generatorID>
<ownerDesignName>Sumativa II</ownerDesignName>
<nullsAllowed>true</nullsAllowed>
<useDomainConstraints>false</useDomainConstraints>
<use>1</use>
<logicalDatatype>LOGDT024</logicalDatatype>
<dataTypeSize>500</dataTypeSize>
<ownDataTypeParameters>500,,</ownDataTypeParameters>
<autoIncrementCycle>false</autoIncrementCycle>
</Column>
<Column name="Fecha_Vencimiento" id="CE606A4C-B6CE-3EA0-4B5C-D797198D6EFC">
<createdBy>benjv</createdBy>
<createdTime>2026-02-05 16:43:40 UTC</createdTime>
<generatorID>415E304D-E3A1-87F6-5EF2-CDC6055D7EC0</generatorID>
<ownerDesignName>Sumativa II</ownerDesignName>
<nullsAllowed>true</nullsAllowed>
<useDomainConstraints>false</useDomainConstraints>
<use>1</use>
<logicalDatatype>LOGDT007</logicalDatatype>
<ownDataTypeParameters>,,</ownDataTypeParameters>
<autoIncrementCycle>false</autoIncrementCycle>
</Column>
<Column name="Precio" id="252D971E-8221-EF22-0DBF-107F8122C0FC">
<createdBy>benjv</createdBy>
<createdTime>2026-02-05 16:43:40 UTC</createdTime>
<generatorID>534F9D04-ED54-8378-E501-DA3FBB06F5CF</generatorID>
<ownerDesignName>Sumativa II</ownerDesignName>
<nullsAllowed>true</nullsAllowed>
<useDomainConstraints>false</useDomainConstraints>
<use>1</use>
<logicalDatatype>LOGDT019</logicalDatatype>
<dataTypePrecision>10</dataTypePrecision>
<ownDataTypeParameters>,10,</ownDataTypeParameters>
<autoIncrementCycle>false</autoIncrementCycle>
</Column>
<Column name="Modelo_Id_Modelo" id="BACE9D72-5F9A-87E5-DCBC-190775F5B834">
<createdBy>benjv</createdBy>
<createdTime>2026-02-05 16:43:40 UTC</createdTime>
<generatorID>187D7BAC-9066-E5FE-A37A-766212D780E2</generatorID>
<ownerDesignName>Sumativa II</ownerDesignName>
<useDomainConstraints>false</useDomainConstraints>
<use>1</use>
<logicalDatatype>LOGDT019</logicalDatatype>
<dataTypePrecision>4</dataTypePrecision>
<ownDataTypeParameters>,,</ownDataTypeParameters>
<previousColumn>false</previousColumn>
<autoIncrementCycle>false</autoIncrementCycle>
<associations>
<colAssociation fkAssociation="76D2781E-F0D9-A593-5228-B43A752FDB96" referredColumn="3BE4E2F1-3FEC-3237-7EB0-6994A98D7FA1"/>
</associations>
</Column>
<Column name="Modelo_Marca_Id_Marca" id="19C1454B-927F-81A8-1854-86B6EEB89D7A">
<createdBy>benjv</createdBy>
<createdTime>2026-02-05 16:43:40 UTC</createdTime>
<generatorID>26EF319D-4873-CE97-7DA7-17AC82174191</generatorID>
<ownerDesignName>Sumativa II</ownerDesignName>
<useDomainConstraints>false</useDomainConstraints>
<use>1</use>
<logicalDatatype>LOGDT019</logicalDatatype>
<dataTypePrecision>4</dataTypePrecision>
<ownDataTypeParameters>,,</ownDataTypeParameters>
<previousColumn>false</previousColumn>
<autoIncrementCycle>false</autoIncrementCycle>
<associations>
<colAssociation fkAssociation="76D2781E-F0D9-A593-5228-B43A752FDB96" referredColumn="62B4AC17-F50A-EC50-ADEA-8EFA21853DBD"/>
</associations>
</Column>
<Column name="Proveedor_Rut" id="09857667-586C-03CB-015C-410CB8D7EAB3">
<createdBy>benjv</createdBy>
<createdTime>2026-02-05 16:43:40 UTC</createdTime>
<generatorID>441C8449-2DAA-3BA0-C682-B2EDE99A8461</generatorID>
<ownerDesignName>Sumativa II</ownerDesignName>
<useDomainConstraints>false</useDomainConstraints>
<use>1</use>
<logicalDatatype>LOGDT019</logicalDatatype>
<dataTypePrecision>9</dataTypePrecision>
<ownDataTypeParameters>,,</ownDataTypeParameters>
<previousColumn>false</previousColumn>
<autoIncrementCycle>false</autoIncrementCycle>
<associations>
<colAssociation fkAssociation="CAD15D2C-8AE6-6FB6-7749-EC77DCA55F89" referredColumn="C3F90589-119E-2490-B57A-8AC81425E5B6"/>
</associations>
</Column>
<Column name="Sucursal_Sigla_Sucursal" id="8BF948F2-648E-D49D-6238-037BD96728D9">
<createdBy>benjv</createdBy>
<createdTime>2026-02-05 16:43:40 UTC</createdTime>
<generatorID>5E83F5CC-AE98-0AB2-7937-AB6CF1A66656</generatorID>
<ownerDesignName>Sumativa II</ownerDesignName>
<useDomainConstraints>false</useDomainConstraints>
<use>1</use>
<logicalDatatype>LOGDT024</logicalDatatype>
<dataTypeSize>10</dataTypeSize>
<ownDataTypeParameters>,,</ownDataTypeParameters>
<previousColumn>false</previousColumn>
<autoIncrementCycle>false</autoIncrementCycle>
<associations>
<colAssociation fkAssociation="AF026F0A-15F4-D7F6-AE7E-619DF4403AF3" referredColumn="752ECE03-7D8C-2B84-6961-6ED2133BC1B4"/>
</associations>
</Column>
</columns>
<indexes itemClass="oracle.dbtools.crest.model.design.relational.Index">
<ind_PK_UK id="1B11B01F-D898-C4AD-9C4E-6635CC66D7BC" name="Producto_PK">
<createdBy>benjv</createdBy>
<createdTime>2026-02-05 16:43:40 UTC</createdTime>
<generatorID>D93E578D-F46E-B8E3-F859-2F0F0632C12E</generatorID>
<ownerDesignName>Sumativa II</ownerDesignName>
<pk>true</pk>
<indexState>Primary Constraint</indexState>
<isSurrogateKey>false</isSurrogateKey>
<indexColumnUsage>
<colUsage columnID="6C45C9E4-AB8B-ECA9-08E1-C6F22DD95395"/>
<colUsage columnID="8BF948F2-648E-D49D-6238-037BD96728D9"/>
</indexColumnUsage>
</ind_PK_UK>
<ind_PK_UK id="1AF1F8FB-ADC0-46B2-04A7-0C82C65DC789" name="Producto_Modelo_FK">
<createdBy>benjv</createdBy>
<createdTime>2026-02-05 16:43:40 UTC</createdTime>
<generatorID>026E984E-6762-6BE3-B0C3-6321ADDE55D9</generatorID>
<ownerDesignName>Sumativa II</ownerDesignName>
<indexState>Foreign Key</indexState>
<isSurrogateKey>false</isSurrogateKey>
<indexColumnUsage>
<colUsage columnID="BACE9D72-5F9A-87E5-DCBC-190775F5B834"/>
<colUsage columnID="19C1454B-927F-81A8-1854-86B6EEB89D7A"/>
</indexColumnUsage>
</ind_PK_UK>
<ind_PK_UK id="C6442DAC-23FC-4BA5-9C2D-DFFAD20CBF7F" name="Producto_Proveedor_FK">
<createdBy>benjv</createdBy>
<createdTime>2026-02-05 16:43:40 UTC</createdTime>
<generatorID>E501E8B7-0B04-09C0-580E-E1CF5BD00288</generatorID>
<ownerDesignName>Sumativa II</ownerDesignName>
<indexState>Foreign Key</indexState>
<isSurrogateKey>false</isSurrogateKey>
<indexColumnUsage>
<colUsage columnID="09857667-586C-03CB-015C-410CB8D7EAB3"/>
</indexColumnUsage>
</ind_PK_UK>
<ind_PK_UK id="16F52540-F506-ECFF-9BF7-174F1DF6F4F6" name="Producto_Sucursal_FK">
<createdBy>benjv</createdBy>
<createdTime>2026-02-05 16:43:40 UTC</createdTime>
<generatorID>E961DE19-D7B8-5D0A-F1EF-FBB18FB0B51B</generatorID>
<ownerDesignName>Sumativa II</ownerDesignName>
<indexState>Foreign Key</indexState>
<isSurrogateKey>false</isSurrogateKey>
<indexColumnUsage>
<colUsage columnID="8BF948F2-648E-D49D-6238-037BD96728D9"/>
</indexColumnUsage>
</ind_PK_UK>
</indexes>
</Table>