<?xml version = '1.0' encoding = 'UTF-8'?>
<Table class="oracle.dbtools.crest.model.design.relational.Table" directorySegmentName="seg_0" id="984E1DA6-07B3-A569-3FE5-EA675C91EBF8" name="Detalle_Boleta">
<createdBy>benjv</createdBy>
<createdTime>2026-02-05 16:43:40 UTC</createdTime>
<ownerDesignName>Sumativa II</ownerDesignName>
<allowColumnReorder>false</allowColumnReorder>
<existDependencyGenerateInDDl>true</existDependencyGenerateInDDl>
<parsed>true</parsed>
<columns itemClass="oracle.dbtools.crest.model.design.relational.Column">
<Column name="Producto_Id_Producto" id="B9B84616-072D-705F-1EDA-3F4B2F1817E6">
<createdBy>benjv</createdBy>
<createdTime>2026-02-05 16:43:40 UTC</createdTime>
<ownerDesignName>Sumativa II</ownerDesignName>
<useDomainConstraints>false</useDomainConstraints>
<use>1</use>
<logicalDatatype>LOGDT019</logicalDatatype>
<dataTypePrecision>4</dataTypePrecision>
<ownDataTypeParameters>,,</ownDataTypeParameters>
<previousColumn>false</previousColumn>
<autoIncrementCycle>false</autoIncrementCycle>
<associations>
<colAssociation fkAssociation="17CFDB84-C0F2-543E-CEF8-4FF168BA77C0" referredColumn="6C45C9E4-AB8B-ECA9-08E1-C6F22DD95395"/>
</associations>
</Column>
<Column name="Producto_Sigla_Sucursal" id="09236918-25F6-3FA2-E6E2-02459C2A85EF">
<createdBy>benjv</createdBy>
<createdTime>2026-02-05 16:43:40 UTC</createdTime>
<ownerDesignName>Sumativa II</ownerDesignName>
<useDomainConstraints>false</useDomainConstraints>
<use>1</use>
<logicalDatatype>LOGDT024</logicalDatatype>
<dataTypeSize>10</dataTypeSize>
<ownDataTypeParameters>,,</ownDataTypeParameters>
<previousColumn>false</previousColumn>
<autoIncrementCycle>false</autoIncrementCycle>
<associations>
<colAssociation fkAssociation="17CFDB84-C0F2-543E-CEF8-4FF168BA77C0" referredColumn="8BF948F2-648E-D49D-6238-037BD96728D9"/>
</associations>
</Column>
<Column name="Boleta_Num_Boleta" id="4D60F73B-0066-9AD3-EE3A-7A670DF9AB36">
<createdBy>benjv</createdBy>
<createdTime>2026-02-05 16:43:40 UTC</createdTime>
<ownerDesignName>Sumativa II</ownerDesignName>
<useDomainConstraints>false</useDomainConstraints>
<use>1</use>
<logicalDatatype>LOGDT019</logicalDatatype>
<dataTypePrecision>5</dataTypePrecision>
<ownDataTypeParameters>,,</ownDataTypeParameters>
<previousColumn>false</previousColumn>
<autoIncrementCycle>false</autoIncrementCycle>
<associations>
<colAssociation fkAssociation="75F3D92D-8585-940C-95DA-C6C415C15E7E" referredColumn="8B7598BA-00A5-0FC2-22E0-1F1B22DC8687"/>
</associations>
</Column>
<Column name="Cantidad" id="52300CF8-E1DB-3CED-0FA2-2EA1BF68ACDE">
<createdBy>benjv</createdBy>
<createdTime>2026-02-05 16:43:40 UTC</createdTime>
<generatorID>133A3946-AE61-0603-9F04-C3581455E762</generatorID>
<ownerDesignName>Sumativa II</ownerDesignName>
<useDomainConstraints>false</useDomainConstraints>
<use>1</use>
<logicalDatatype>LOGDT019</logicalDatatype>
<dataTypePrecision>4</dataTypePrecision>
<dataTypeScale>0</dataTypeScale>
<ownDataTypeParameters>,4,0</ownDataTypeParameters>
<autoIncrementCycle>false</autoIncrementCycle>
<isRelationshipColumn>true</isRelationshipColumn>
<isDependOnFK_AsMandatory>true</isDependOnFK_AsMandatory>
</Column>
<Column name="Monto_Parcial" id="25E6BB9D-D587-2433-5257-7384FE9F2344">
<createdBy>benjv</createdBy>
<createdTime>2026-02-05 16:43:40 UTC</createdTime>
<generatorID>082CB71E-0287-AD9A-70CA-BC9EF7B48DEA</generatorID>
<ownerDesignName>Sumativa II</ownerDesignName>
<useDomainConstraints>false</useDomainConstraints>
<use>1</use>
<logicalDatatype>LOGDT019</logicalDatatype>
<dataTypePrecision>12</dataTypePrecision>
<dataTypeScale>0</dataTypeScale>
<ownDataTypeParameters>,12,0</ownDataTypeParameters>
<autoIncrementCycle>false</autoIncrementCycle>
<isRelationshipColumn>true</isRelationshipColumn>
<isDependOnFK_AsMandatory>true</isDependOnFK_AsMandatory>
</Column>
</columns>
<indexes itemClass="oracle.dbtools.crest.model.design.relational.Index">
<ind_PK_UK id="193AFC69-F6DB-FE48-87FF-BFCE872A3F2A" name="Detalle_Boleta_PK">
<createdBy>benjv</createdBy>
<createdTime>2026-02-05 16:43:40 UTC</createdTime>
<ownerDesignName>Sumativa II</ownerDesignName>
<pk>true</pk>
<indexState>Primary Constraint</indexState>
<isSurrogateKey>false</isSurrogateKey>
<indexColumnUsage>
<colUsage columnID="B9B84616-072D-705F-1EDA-3F4B2F1817E6"/>
<colUsage columnID="09236918-25F6-3FA2-E6E2-02459C2A85EF"/>
<colUsage columnID="4D60F73B-0066-9AD3-EE3A-7A670DF9AB36"/>
</indexColumnUsage>
</ind_PK_UK>
<ind_PK_UK id="8FF66BBD-5CE8-CE97-C507-0C3EC1582BA4" name="Detalle_Boleta_Producto_FK">
<createdBy>benjv</createdBy>
<createdTime>2026-02-05 16:43:40 UTC</createdTime>
<generatorID>52B83D6A-6441-4DD4-6B26-BE2CA2D77E0F</generatorID>
<ownerDesignName>Sumativa II</ownerDesignName>
<indexState>Foreign Key</indexState>
<isSurrogateKey>false</isSurrogateKey>
<indexColumnUsage>
<colUsage columnID="B9B84616-072D-705F-1EDA-3F4B2F1817E6"/>
<colUsage columnID="09236918-25F6-3FA2-E6E2-02459C2A85EF"/>
</indexColumnUsage>
</ind_PK_UK>
<ind_PK_UK id="5F984690-7D1A-975E-1EB0-539A4972BFDD" name="Detalle_Boleta_Boleta_FK">
<createdBy>benjv</createdBy>
<createdTime>2026-02-05 16:43:40 UTC</createdTime>
<generatorID>52B83D6A-6441-4DD4-6B26-BE2CA2D77E0F</generatorID>
<ownerDesignName>Sumativa II</ownerDesignName>
<indexState>Foreign Key</indexState>
<isSurrogateKey>false</isSurrogateKey>
<indexColumnUsage>
<colUsage columnID="4D60F73B-0066-9AD3-EE3A-7A670DF9AB36"/>
</indexColumnUsage>
</ind_PK_UK>
</indexes>
</Table>