<?xml version = '1.0' encoding = 'UTF-8'?>
<Table class="oracle.dbtools.crest.model.design.relational.Table" directorySegmentName="seg_0" id="CEA4BF5B-D4A6-FE2C-7F92-0FD3E1A11E61" name="Modelo">
<createdBy>benjv</createdBy>
<createdTime>2026-02-05 16:43:40 UTC</createdTime>
<generatorID>8B2F45B1-7EF1-5371-7F63-80E8EECA02BD</generatorID>
<ownerDesignName>Sumativa II</ownerDesignName>
<allowColumnReorder>false</allowColumnReorder>
<existDependencyGenerateInDDl>true</existDependencyGenerateInDDl>
<parsed>true</parsed>
<columns itemClass="oracle.dbtools.crest.model.design.relational.Column">
<Column name="Id_Modelo" id="3BE4E2F1-3FEC-3237-7EB0-6994A98D7FA1">
<createdBy>benjv</createdBy>
<createdTime>2026-02-05 16:43:40 UTC</createdTime>
<generatorID>3767F168-62F0-2131-065D-8CC742947936</generatorID>
<ownerDesignName>Sumativa II</ownerDesignName>
<useDomainConstraints>false</useDomainConstraints>
<use>1</use>
<logicalDatatype>LOGDT019</logicalDatatype>
<dataTypePrecision>4</dataTypePrecision>
<ownDataTypeParameters>,4,</ownDataTypeParameters>
<autoIncrementCycle>false</autoIncrementCycle>
</Column>
<Column name="Descripcion_Modelo" id="598A8EAD-4B73-D0CB-2258-BBEB1AA6CCD1">
<createdBy>benjv</createdBy>
<createdTime>2026-02-05 16:43:40 UTC</createdTime>
<generatorID>D433D119-FE92-32E9-9E02-D8C81688A272</generatorID>
<ownerDesignName>Sumativa II</ownerDesignName>
<nullsAllowed>true</nullsAllowed>
<useDomainConstraints>false</useDomainConstraints>
<use>1</use>
<logicalDatatype>LOGDT024</logicalDatatype>
<dataTypeSize>500</dataTypeSize>
<ownDataTypeParameters>500,,</ownDataTypeParameters>
<autoIncrementCycle>false</autoIncrementCycle>
</Column>
<Column name="Marca_Id_Marca" id="62B4AC17-F50A-EC50-ADEA-8EFA21853DBD">
<createdBy>benjv</createdBy>
<createdTime>2026-02-05 16:43:40 UTC</createdTime>
<generatorID>2D31EF16-9697-E20F-5CE4-0B49597952A2</generatorID>
<ownerDesignName>Sumativa II</ownerDesignName>
<useDomainConstraints>false</useDomainConstraints>
<use>1</use>
<logicalDatatype>LOGDT019</logicalDatatype>
<dataTypePrecision>4</dataTypePrecision>
<ownDataTypeParameters>,,</ownDataTypeParameters>
<previousColumn>false</previousColumn>
<autoIncrementCycle>false</autoIncrementCycle>
<associations>
<colAssociation fkAssociation="1AA5533D-2C62-88C2-3741-297503F3A50D" referredColumn="BA013D10-B401-772F-B575-ECA2462E45F2"/>
</associations>
</Column>
</columns>
<indexes itemClass="oracle.dbtools.crest.model.design.relational.Index">
<ind_PK_UK id="C7CABD0F-D379-C305-CA6A-2E016BB16E6E" name="Modelo_PK">
<createdBy>benjv</createdBy>
<createdTime>2026-02-05 16:43:40 UTC</createdTime>
<generatorID>57524C22-889F-0772-27B8-EBAE3A3C6AB6</generatorID>
<ownerDesignName>Sumativa II</ownerDesignName>
<pk>true</pk>
<indexState>Primary Constraint</indexState>
<isSurrogateKey>false</isSurrogateKey>
<indexColumnUsage>
<colUsage columnID="3BE4E2F1-3FEC-3237-7EB0-6994A98D7FA1"/>
<colUsage columnID="62B4AC17-F50A-EC50-ADEA-8EFA21853DBD"/>
</indexColumnUsage>
</ind_PK_UK>
<ind_PK_UK id="20CC8C70-17C6-A209-6A42-C97B1BD3859B" name="Modelo_Marca_FK">
<createdBy>benjv</createdBy>
<createdTime>2026-02-05 16:43:40 UTC</createdTime>
<generatorID>2EE1D7A5-83FF-973E-9919-A9B02E83221B</generatorID>
<ownerDesignName>Sumativa II</ownerDesignName>
<indexState>Foreign Key</indexState>
<isSurrogateKey>false</isSurrogateKey>
<indexColumnUsage>
<colUsage columnID="62B4AC17-F50A-EC50-ADEA-8EFA21853DBD"/>
</indexColumnUsage>
</ind_PK_UK>
</indexes>
</Table>