<?xml version = '1.0' encoding = 'UTF-8'?>
<Table class="oracle.dbtools.crest.model.design.relational.Table" directorySegmentName="seg_0" id="E010EC28-5F16-B4D4-6723-64212B306F4B" name="Proveedor_Persona">
<createdBy>benjv</createdBy>
<createdTime>2026-02-05 16:43:40 UTC</createdTime>
<generatorID>852A3AA0-C71F-5364-43CC-A374FB6EA429</generatorID>
<ownerDesignName>Sumativa II</ownerDesignName>
<allowColumnReorder>false</allowColumnReorder>
<existDependencyGenerateInDDl>true</existDependencyGenerateInDDl>
<parsed>true</parsed>
<columns itemClass="oracle.dbtools.crest.model.design.relational.Column">
<Column name="Rut" id="EAAE52B4-A2AB-952E-6B84-FF93E772FDF7">
<createdBy>benjv</createdBy>
<createdTime>2026-02-05 16:43:40 UTC</createdTime>
<generatorID>69A9A923-90FB-2B00-187B-6E71C589C40F</generatorID>
<ownerDesignName>Sumativa II</ownerDesignName>
<useDomainConstraints>false</useDomainConstraints>
<use>1</use>
<logicalDatatype>LOGDT019</logicalDatatype>
<dataTypePrecision>9</dataTypePrecision>
<ownDataTypeParameters>,,</ownDataTypeParameters>
<autoIncrementCycle>false</autoIncrementCycle>
<associations>
<colAssociation fkAssociation="3FAF7199-4177-E0A5-11AD-6CEC139377CF" referredColumn="C3F90589-119E-2490-B57A-8AC81425E5B6"/>
</associations>
</Column>
<Column name="Nombres" id="C05844FF-FBC9-2CFC-8D5F-014E9DD89B7B">
<createdBy>benjv</createdBy>
<createdTime>2026-02-05 16:43:40 UTC</createdTime>
<generatorID>769D83EB-17B3-9D24-4EF8-41E3DEF1B2A0</generatorID>
<ownerDesignName>Sumativa II</ownerDesignName>
<useDomainConstraints>false</useDomainConstraints>
<use>1</use>
<logicalDatatype>LOGDT024</logicalDatatype>
<dataTypeSize>50</dataTypeSize>
<ownDataTypeParameters>50,,</ownDataTypeParameters>
<autoIncrementCycle>false</autoIncrementCycle>
</Column>
<Column name="Apellidos" id="15F065F7-60B1-B6C5-DB89-15CA3E6AA300">
<createdBy>benjv</createdBy>
<createdTime>2026-02-05 16:43:40 UTC</createdTime>
<generatorID>C590AF33-C288-7EDC-7452-E12E1CEDC288</generatorID>
<ownerDesignName>Sumativa II</ownerDesignName>
<useDomainConstraints>false</useDomainConstraints>
<use>1</use>
<logicalDatatype>LOGDT024</logicalDatatype>
<dataTypeSize>50</dataTypeSize>
<ownDataTypeParameters>50,,</ownDataTypeParameters>
<autoIncrementCycle>false</autoIncrementCycle>
</Column>
</columns>
<indexes itemClass="oracle.dbtools.crest.model.design.relational.Index">
<ind_PK_UK id="6528E3F4-648D-6EFF-B8A7-7AB77977FB1E" name="Proveedor_Persona_PK">
<createdBy>benjv</createdBy>
<createdTime>2026-02-05 16:43:40 UTC</createdTime>
<generatorID>68B54E3D-8B87-377B-FCB2-5791072BF536</generatorID>
<ownerDesignName>Sumativa II</ownerDesignName>
<pk>true</pk>
<indexState>Primary Constraint</indexState>
<isSurrogateKey>false</isSurrogateKey>
<indexColumnUsage>
<colUsage columnID="EAAE52B4-A2AB-952E-6B84-FF93E772FDF7"/>
</indexColumnUsage>
</ind_PK_UK>
<ind_PK_UK id="3FD08CED-2EE0-457E-FD49-A480A076B37D" name="Proveedor_Persona_Proveedor_FK">
<createdBy>benjv</createdBy>
<createdTime>2026-02-05 16:43:40 UTC</createdTime>
<generatorID>26DDC17D-CD28-25F6-03DB-CEBE18138E00</generatorID>
<ownerDesignName>Sumativa II</ownerDesignName>
<indexState>Foreign Key</indexState>
<isSurrogateKey>false</isSurrogateKey>
<indexColumnUsage>
<colUsage columnID="EAAE52B4-A2AB-952E-6B84-FF93E772FDF7"/>
</indexColumnUsage>
</ind_PK_UK>
</indexes>
</Table>