<?xml version = '1.0' encoding = 'UTF-8'?>
<Table class="oracle.dbtools.crest.model.design.relational.Table" directorySegmentName="seg_0" id="E323B2D8-30AA-FCDC-04CB-D39A7AE47B0F" name="Boleta">
<createdBy>benjv</createdBy>
<createdTime>2026-02-05 16:43:40 UTC</createdTime>
<generatorID>3D33A3FE-9EBE-E691-E3D3-9951E0D05FC3</generatorID>
<ownerDesignName>Sumativa II</ownerDesignName>
<allowColumnReorder>false</allowColumnReorder>
<existDependencyGenerateInDDl>true</existDependencyGenerateInDDl>
<parsed>true</parsed>
<columns itemClass="oracle.dbtools.crest.model.design.relational.Column">
<Column name="Num_Boleta" id="8B7598BA-00A5-0FC2-22E0-1F1B22DC8687">
<createdBy>benjv</createdBy>
<createdTime>2026-02-05 16:43:40 UTC</createdTime>
<generatorID>3C955276-A365-A908-9B7D-009ECB97C8A7</generatorID>
<ownerDesignName>Sumativa II</ownerDesignName>
<useDomainConstraints>false</useDomainConstraints>
<use>1</use>
<logicalDatatype>LOGDT019</logicalDatatype>
<dataTypePrecision>5</dataTypePrecision>
<ownDataTypeParameters>,5,</ownDataTypeParameters>
<autoIncrementCycle>false</autoIncrementCycle>
</Column>
<Column name="Fecha" id="1DB4E73B-FF67-6D63-93CE-624A53C82EFF">
<createdBy>benjv</createdBy>
<createdTime>2026-02-05 16:43:40 UTC</createdTime>
<generatorID>7DEDD8FE-4BAC-DE69-7644-1AAD372EDEC1</generatorID>
<ownerDesignName>Sumativa II</ownerDesignName>
<useDomainConstraints>false</useDomainConstraints>
<use>1</use>
<logicalDatatype>LOGDT007</logicalDatatype>
<ownDataTypeParameters>,,</ownDataTypeParameters>
<autoIncrementCycle>false</autoIncrementCycle>
</Column>
<Column name="Monto_Total" id="2DC0D01C-8792-C75F-DAEB-6B90B8FE47FA">
<createdBy>benjv</createdBy>
<createdTime>2026-02-05 16:43:40 UTC</createdTime>
<generatorID>AE377CC1-8814-859C-7A01-48F0FD9B251A</generatorID>
<ownerDesignName>Sumativa II</ownerDesignName>
<useDomainConstraints>false</useDomainConstraints>
<use>1</use>
<logicalDatatype>LOGDT019</logicalDatatype>
<dataTypePrecision>12</dataTypePrecision>
<ownDataTypeParameters>,12,</ownDataTypeParameters>
<autoIncrementCycle>false</autoIncrementCycle>
</Column>
<Column name="Cliente_Id_Cliente" id="0D29C4AB-6D21-DEC1-75EF-1E4A9E654B04">
<createdBy>benjv</createdBy>
<createdTime>2026-02-05 16:43:40 UTC</createdTime>
<generatorID>8B09134E-F11E-7B3A-221C-B091D99BCBF8</generatorID>
<ownerDesignName>Sumativa II</ownerDesignName>
<useDomainConstraints>false</useDomainConstraints>
<use>1</use>
<logicalDatatype>LOGDT019</logicalDatatype>
<dataTypePrecision>4</dataTypePrecision>
<ownDataTypeParameters>,,</ownDataTypeParameters>
<previousColumn>false</previousColumn>
<autoIncrementCycle>false</autoIncrementCycle>
<associations>
<colAssociation fkAssociation="FD7BC425-2820-1D9B-8C00-8444A805099F" referredColumn="FA2F1AE7-57CB-F101-802A-12A8566572FF"/>
</associations>
</Column>
</columns>
<indexes itemClass="oracle.dbtools.crest.model.design.relational.Index">
<ind_PK_UK id="92AE310C-92E3-A609-B831-9B763F29D773" name="Boleta_PK">
<createdBy>benjv</createdBy>
<createdTime>2026-02-05 16:43:40 UTC</createdTime>
<generatorID>A6AF9684-2852-5AD2-7E03-ACF7D893EEA8</generatorID>
<ownerDesignName>Sumativa II</ownerDesignName>
<pk>true</pk>
<indexState>Primary Constraint</indexState>
<isSurrogateKey>false</isSurrogateKey>
<indexColumnUsage>
<colUsage columnID="8B7598BA-00A5-0FC2-22E0-1F1B22DC8687"/>
</indexColumnUsage>
</ind_PK_UK>
<ind_PK_UK id="1E178A15-4849-4F7C-B270-6ED04AF1722C" name="Boleta_Cliente_FK">
<createdBy>benjv</createdBy>
<createdTime>2026-02-05 16:43:40 UTC</createdTime>
<generatorID>FBFDF298-AB7D-746D-0509-8C08A9768434</generatorID>
<ownerDesignName>Sumativa II</ownerDesignName>
<indexState>Foreign Key</indexState>
<isSurrogateKey>false</isSurrogateKey>
<indexColumnUsage>
<colUsage columnID="0D29C4AB-6D21-DEC1-75EF-1E4A9E654B04"/>
</indexColumnUsage>
</ind_PK_UK>
</indexes>
</Table>