<?xml version = '1.0' encoding = 'UTF-8'?>
<Table class="oracle.dbtools.crest.model.design.relational.Table" directorySegmentName="seg_0" id="FD7C5BD8-D926-82EB-53C1-3549E8715455" name="Proveedor_Empresa">
<createdBy>benjv</createdBy>
<createdTime>2026-02-05 16:43:40 UTC</createdTime>
<generatorID>B32F43F5-E6CF-34C3-737D-416DCDE29AA6</generatorID>
<ownerDesignName>Sumativa II</ownerDesignName>
<allowColumnReorder>false</allowColumnReorder>
<existDependencyGenerateInDDl>true</existDependencyGenerateInDDl>
<parsed>true</parsed>
<columns itemClass="oracle.dbtools.crest.model.design.relational.Column">
<Column name="Rut" id="03757B3B-8D1F-A4D5-0D66-B291419C746E">
<createdBy>benjv</createdBy>
<createdTime>2026-02-05 16:43:40 UTC</createdTime>
<generatorID>69A9A923-90FB-2B00-187B-6E71C589C40F</generatorID>
<ownerDesignName>Sumativa II</ownerDesignName>
<useDomainConstraints>false</useDomainConstraints>
<use>1</use>
<logicalDatatype>LOGDT019</logicalDatatype>
<dataTypePrecision>9</dataTypePrecision>
<ownDataTypeParameters>,,</ownDataTypeParameters>
<autoIncrementCycle>false</autoIncrementCycle>
<associations>
<colAssociation fkAssociation="CAB69A9D-B94A-CDA9-D0A1-DA0D846E27F5" referredColumn="C3F90589-119E-2490-B57A-8AC81425E5B6"/>
</associations>
</Column>
<Column name="Razon_Social" id="50862408-CA95-4799-188B-9EE80AD08BA5">
<createdBy>benjv</createdBy>
<createdTime>2026-02-05 16:43:40 UTC</createdTime>
<generatorID>E7C80695-26DB-FD5B-5999-96D88A8F9656</generatorID>
<ownerDesignName>Sumativa II</ownerDesignName>
<useDomainConstraints>false</useDomainConstraints>
<use>1</use>
<logicalDatatype>LOGDT024</logicalDatatype>
<dataTypeSize>50</dataTypeSize>
<ownDataTypeParameters>50,,</ownDataTypeParameters>
<autoIncrementCycle>false</autoIncrementCycle>
</Column>
<Column name="Sitio_Web" id="D532F5BF-37AB-4A2C-2E3B-0C684D8D44FE">
<createdBy>benjv</createdBy>
<createdTime>2026-02-05 16:43:40 UTC</createdTime>
<generatorID>33FCF4FF-4236-5623-350E-60C6698D6440</generatorID>
<ownerDesignName>Sumativa II</ownerDesignName>
<nullsAllowed>true</nullsAllowed>
<useDomainConstraints>false</useDomainConstraints>
<use>1</use>
<logicalDatatype>LOGDT024</logicalDatatype>
<dataTypeSize>150</dataTypeSize>
<ownDataTypeParameters>150,,</ownDataTypeParameters>
<autoIncrementCycle>false</autoIncrementCycle>
</Column>
</columns>
<indexes itemClass="oracle.dbtools.crest.model.design.relational.Index">
<ind_PK_UK id="5817EB06-A3EA-2B3C-D2DE-87969EB61CAD" name="Proveedor_Empresa_PK">
<createdBy>benjv</createdBy>
<createdTime>2026-02-05 16:43:40 UTC</createdTime>
<generatorID>68B54E3D-8B87-377B-FCB2-5791072BF536</generatorID>
<ownerDesignName>Sumativa II</ownerDesignName>
<pk>true</pk>
<indexState>Primary Constraint</indexState>
<isSurrogateKey>false</isSurrogateKey>
<indexColumnUsage>
<colUsage columnID="03757B3B-8D1F-A4D5-0D66-B291419C746E"/>
</indexColumnUsage>
</ind_PK_UK>
<ind_PK_UK id="7E8E2AA0-87D6-95E8-421D-0CEFFD615B7E" name="Proveedor_Empresa_Proveedor_FK">
<createdBy>benjv</createdBy>
<createdTime>2026-02-05 16:43:40 UTC</createdTime>
<generatorID>5F8B45DB-25BC-BB2B-C4C2-C90FEDBEA9D2</generatorID>
<ownerDesignName>Sumativa II</ownerDesignName>
<indexState>Foreign Key</indexState>
<isSurrogateKey>false</isSurrogateKey>
<indexColumnUsage>
<colUsage columnID="03757B3B-8D1F-A4D5-0D66-B291419C746E"/>
</indexColumnUsage>
</ind_PK_UK>
</indexes>
</Table>