<?xml version = '1.0' encoding = 'UTF-8'?>
<Relation class="oracle.dbtools.crest.model.design.logical.Relation" name="Sucursal_Contrato" directorySegmentName="seg_0" id="0231AE8A-1492-0081-56B5-22A7DD5C2352">
<createdBy>veltran</createdBy>
<createdTime>2026-01-25 19:55:29 UTC</createdTime>
<ownerDesignName>Sumativa I</ownerDesignName>
<engineerTo>
<item key="66EBA51E-90F4-4FEF-353F-9CD4EF20FF03" value="true"/>
</engineerTo>
<sourceTransferable>false</sourceTransferable>
<sourcePk>B640F0F2-410F-9AE1-C65A-BE410BD4389C</sourcePk>
<identifying>false</identifying>
<optionalSource>true</optionalSource>
<optionalTarget>false</optionalTarget>
<sourceCardinality>1</sourceCardinality>
<sourceEntity>F1B5129F-7CBD-A95A-CE9E-648B49895618</sourceEntity>
<targetCardinalityString>*</targetCardinalityString>
<targetEntity>B6F69555-9715-9D67-B3B4-96BE7DDA5965</targetEntity>
<transferable>true</transferable>
<deleteRule>NO ACTION</deleteRule>
</Relation>