<?xml version = '1.0' encoding = 'UTF-8'?>
<Relation class="oracle.dbtools.crest.model.design.logical.Relation" name="Trabajador_Contrato" directorySegmentName="seg_0" id="22E5E080-9C73-66BA-DFC6-15A04692E937">
<createdBy>veltran</createdBy>
<createdTime>2026-01-25 19:57:29 UTC</createdTime>
<ownerDesignName>Sumativa I</ownerDesignName>
<engineerTo>
<item key="66EBA51E-90F4-4FEF-353F-9CD4EF20FF03" value="true"/>
</engineerTo>
<sourcePk>EBD90CF2-1D89-F6FA-8D37-22A13EA8D421</sourcePk>
<identifying>false</identifying>
<optionalSource>true</optionalSource>
<optionalTarget>false</optionalTarget>
<sourceCardinality>1</sourceCardinality>
<sourceEntity>EACE5D14-486D-8D83-7C83-FCF165437581</sourceEntity>
<targetCardinalityString>*</targetCardinalityString>
<targetEntity>B6F69555-9715-9D67-B3B4-96BE7DDA5965</targetEntity>
<transferable>true</transferable>
<deleteRule>NO ACTION</deleteRule>
</Relation>