<?xml version = '1.0' encoding = 'UTF-8'?>
<Relation class="oracle.dbtools.crest.model.design.logical.Relation" name="Trabajador_Boleta" directorySegmentName="seg_0" id="2C1A5BB1-AE4B-2C5F-81C0-45540547A507">
<createdBy>veltran</createdBy>
<createdTime>2026-01-25 20:01:24 UTC</createdTime>
<ownerDesignName>Sumativa I</ownerDesignName>
<engineerTo>
<item key="66EBA51E-90F4-4FEF-353F-9CD4EF20FF03" value="true"/>
</engineerTo>
<sourcePk>EBD90CF2-1D89-F6FA-8D37-22A13EA8D421</sourcePk>
<identifying>false</identifying>
<optionalSource>true</optionalSource>
<optionalTarget>false</optionalTarget>
<sourceCardinality>1</sourceCardinality>
<sourceEntity>EACE5D14-486D-8D83-7C83-FCF165437581</sourceEntity>
<targetCardinalityString>*</targetCardinalityString>
<targetEntity>39A9448F-BCA1-0306-2801-72C9D73FAC95</targetEntity>
<transferable>true</transferable>
<deleteRule>NO ACTION</deleteRule>
</Relation>