<?xml version = '1.0' encoding = 'UTF-8'?>
<Relation class="oracle.dbtools.crest.model.design.logical.Relation" name="Producto_Detalle_Boleta" directorySegmentName="seg_0" id="39E3F4BD-87EA-E376-B85E-6906E3947735">
<createdBy>veltran</createdBy>
<createdTime>2026-01-25 20:21:20 UTC</createdTime>
<ownerDesignName>Sumativa I</ownerDesignName>
<engineerTo>
<item key="66EBA51E-90F4-4FEF-353F-9CD4EF20FF03" value="true"/>
</engineerTo>
<sourcePk>F4F20D9A-240B-AE59-7D51-874A8A2AF64C</sourcePk>
<identifying>true</identifying>
<optionalSource>true</optionalSource>
<optionalTarget>false</optionalTarget>
<sourceCardinality>1</sourceCardinality>
<sourceEntity>847DD4F0-4072-6106-FF92-25E544BA2A92</sourceEntity>
<targetCardinalityString>*</targetCardinalityString>
<targetEntity>9CC9A5B4-C2FA-A2C5-79E9-9DB0ABEBBEE2</targetEntity>
<transferable>true</transferable>
<deleteRule>NO ACTION</deleteRule>
</Relation>