<?xml version = '1.0' encoding = 'UTF-8'?>
<Relation class="oracle.dbtools.crest.model.design.logical.Relation" name="Cliente_Boleta" directorySegmentName="seg_0" id="3A9F2DC9-C689-D0A6-5DA3-E140968E8F71">
<createdBy>veltran</createdBy>
<createdTime>2026-01-25 20:00:27 UTC</createdTime>
<ownerDesignName>Sumativa I</ownerDesignName>
<engineerTo>
<item key="66EBA51E-90F4-4FEF-353F-9CD4EF20FF03" value="true"/>
</engineerTo>
<sourcePk>38691CE8-C4CE-C0CE-C8D9-D9E110BA3CF5</sourcePk>
<identifying>false</identifying>
<optionalSource>true</optionalSource>
<optionalTarget>false</optionalTarget>
<sourceCardinality>1</sourceCardinality>
<sourceEntity>988241E9-9008-6B6F-7BAB-4135D0F8354B</sourceEntity>
<targetCardinalityString>*</targetCardinalityString>
<targetEntity>39A9448F-BCA1-0306-2801-72C9D73FAC95</targetEntity>
<transferable>true</transferable>
<deleteRule>NO ACTION</deleteRule>
</Relation>