<?xml version = '1.0' encoding = 'UTF-8'?>
<Relation class="oracle.dbtools.crest.model.design.logical.Relation" name="Cargo_Trabajador_Practicante" directorySegmentName="seg_0" id="6FBC7406-C62F-16DC-2114-36C59F5762E0">
<createdBy>veltran</createdBy>
<createdTime>2026-01-25 20:39:27 UTC</createdTime>
<ownerDesignName>Sumativa I</ownerDesignName>
<engineerTo>
<item key="66EBA51E-90F4-4FEF-353F-9CD4EF20FF03" value="true"/>
</engineerTo>
<sourcePk>36FEB5AF-C399-5004-F6F6-212483AC5CAD</sourcePk>
<identifying>false</identifying>
<optionalSource>true</optionalSource>
<optionalTarget>true</optionalTarget>
<sourceCardinality>1</sourceCardinality>
<sourceEntity>DCE20F34-6FF2-0041-0D7F-F5177501EF1A</sourceEntity>
<targetCardinalityString>*</targetCardinalityString>
<targetEntity>BB3AC378-E2FB-40B7-4C82-830300CC6602</targetEntity>
<transferable>true</transferable>
<deleteRule>NO ACTION</deleteRule>
</Relation>