<?xml version = '1.0' encoding = 'UTF-8'?>
<Relation class="oracle.dbtools.crest.model.design.logical.Relation" name="Cargo_Trabajador_Indefinido" directorySegmentName="seg_0" id="77450294-28BE-D243-1F0D-C068E3456D17">
<createdBy>veltran</createdBy>
<createdTime>2026-01-25 20:38:27 UTC</createdTime>
<ownerDesignName>Sumativa I</ownerDesignName>
<engineerTo>
<item key="66EBA51E-90F4-4FEF-353F-9CD4EF20FF03" value="true"/>
</engineerTo>
<sourcePk>36FEB5AF-C399-5004-F6F6-212483AC5CAD</sourcePk>
<identifying>false</identifying>
<optionalSource>true</optionalSource>
<optionalTarget>false</optionalTarget>
<sourceCardinality>1</sourceCardinality>
<sourceEntity>DCE20F34-6FF2-0041-0D7F-F5177501EF1A</sourceEntity>
<targetCardinalityString>*</targetCardinalityString>
<targetEntity>49C1DCFE-25C3-BD03-47F7-A0A8765BB5CD</targetEntity>
<transferable>true</transferable>
<deleteRule>NO ACTION</deleteRule>
</Relation>