<?xml version = '1.0' encoding = 'UTF-8'?>
<Relation class="oracle.dbtools.crest.model.design.logical.Relation" name="Boleta_Producto" directorySegmentName="seg_0" id="97FDD705-A820-DBE5-3F8B-83D478AF7311">
<createdBy>veltran</createdBy>
<createdTime>2026-01-25 20:04:39 UTC</createdTime>
<ownerDesignName>Sumativa I</ownerDesignName>
<engineerTo>
<item key="66EBA51E-90F4-4FEF-353F-9CD4EF20FF03" value="true"/>
</engineerTo>
<identifying>false</identifying>
<optionalSource>true</optionalSource>
<optionalTarget>true</optionalTarget>
<sourceCardinality>*</sourceCardinality>
<sourceEntity>39A9448F-BCA1-0306-2801-72C9D73FAC95</sourceEntity>
<targetCardinalityString>*</targetCardinalityString>
<targetEntity>847DD4F0-4072-6106-FF92-25E544BA2A92</targetEntity>
<transferable>true</transferable>
<deleteRule>NO ACTION</deleteRule>
</Relation>