<?xml version = '1.0' encoding = 'UTF-8'?>
<Relation class="oracle.dbtools.crest.model.design.logical.Relation" name="Sucursal_Boleta" directorySegmentName="seg_0" id="BBE79338-30B5-68CF-93B5-74226C8AEB24">
<createdBy>veltran</createdBy>
<createdTime>2026-01-25 20:02:34 UTC</createdTime>
<ownerDesignName>Sumativa I</ownerDesignName>
<engineerTo>
<item key="66EBA51E-90F4-4FEF-353F-9CD4EF20FF03" value="true"/>
</engineerTo>
<sourcePk>B640F0F2-410F-9AE1-C65A-BE410BD4389C</sourcePk>
<identifying>false</identifying>
<optionalSource>true</optionalSource>
<optionalTarget>false</optionalTarget>
<sourceCardinality>1</sourceCardinality>
<sourceEntity>F1B5129F-7CBD-A95A-CE9E-648B49895618</sourceEntity>
<targetCardinalityString>*</targetCardinalityString>
<targetEntity>39A9448F-BCA1-0306-2801-72C9D73FAC95</targetEntity>
<transferable>true</transferable>
<deleteRule>NO ACTION</deleteRule>
</Relation>