<?xml version = '1.0' encoding = 'UTF-8'?>
<Relation class="oracle.dbtools.crest.model.design.logical.Relation" name="Boleta_Detalle_Boleta" directorySegmentName="seg_0" id="D640AD54-10D7-5BAA-B30F-2E72C3C9BBC5">
<createdBy>veltran</createdBy>
<createdTime>2026-01-25 20:20:58 UTC</createdTime>
<ownerDesignName>Sumativa I</ownerDesignName>
<engineerTo>
<item key="66EBA51E-90F4-4FEF-353F-9CD4EF20FF03" value="true"/>
</engineerTo>
<sourcePk>9EDC9A4C-CBB9-0F88-CFE4-E837B8EFF8E2</sourcePk>
<identifying>true</identifying>
<optionalSource>false</optionalSource>
<optionalTarget>false</optionalTarget>
<sourceCardinality>1</sourceCardinality>
<sourceEntity>39A9448F-BCA1-0306-2801-72C9D73FAC95</sourceEntity>
<targetCardinalityString>*</targetCardinalityString>
<targetEntity>9CC9A5B4-C2FA-A2C5-79E9-9DB0ABEBBEE2</targetEntity>
<transferable>true</transferable>
<deleteRule>NO ACTION</deleteRule>
</Relation>