<?xml version = '1.0' encoding = 'UTF-8'?>
<Relation class="oracle.dbtools.crest.model.design.logical.InheritanceRelation" name="Hierarchy_2" directorySegmentName="seg_0" id="1BB34344-CF1E-5F21-3AF8-2D9E574FE3C5">
<createdBy>veltran</createdBy>
<createdTime>2026-01-25 18:57:37 UTC</createdTime>
<ownerDesignName>Sumativa I</ownerDesignName>
<engineerTo>
<item key="66EBA51E-90F4-4FEF-353F-9CD4EF20FF03" value="true"/>
</engineerTo>
<arc>6382FA95-E799-43A2-D8FA-17583A49350B</arc>
<identifying>false</identifying>
<nameOnSource>Super Type</nameOnSource>
<nameOnTarget>Sub Type</nameOnTarget>
<optionalSource>true</optionalSource>
<optionalTarget>true</optionalTarget>
<sourceEntity>988241E9-9008-6B6F-7BAB-4135D0F8354B</sourceEntity>
<targetEntity>7C060934-C1BB-DE23-6439-838086485B1C</targetEntity>
<transferable>true</transferable>
<deleteRule>NO ACTION</deleteRule>
</Relation>