<?xml version = '1.0' encoding = 'UTF-8'?>
<Relation class="oracle.dbtools.crest.model.design.logical.InheritanceRelation" name="Hierarchy_5" directorySegmentName="seg_0" id="1CC7D810-0951-8065-0E60-E97353C0B945">
<createdBy>veltran</createdBy>
<createdTime>2026-01-25 20:57:36 UTC</createdTime>
<ownerDesignName>Sumativa I</ownerDesignName>
<engineerTo>
<item key="66EBA51E-90F4-4FEF-353F-9CD4EF20FF03" value="true"/>
</engineerTo>
<arc>A14AA208-5761-4252-53A8-CCB4C67651D0</arc>
<identifying>false</identifying>
<nameOnSource>Super Type</nameOnSource>
<nameOnTarget>Sub Type</nameOnTarget>
<optionalSource>true</optionalSource>
<optionalTarget>true</optionalTarget>
<sourceEntity>EACE5D14-486D-8D83-7C83-FCF165437581</sourceEntity>
<targetEntity>49C1DCFE-25C3-BD03-47F7-A0A8765BB5CD</targetEntity>
<transferable>true</transferable>
<deleteRule>NO ACTION</deleteRule>
</Relation>