<?xml version = '1.0' encoding = 'UTF-8'?>
<Relation class="oracle.dbtools.crest.model.design.logical.InheritanceRelation" name="Hierarchy_1" directorySegmentName="seg_0" id="3D12F5CB-C446-4DE0-9CF6-79288776F049">
<createdBy>veltran</createdBy>
<createdTime>2026-01-25 18:54:03 UTC</createdTime>
<ownerDesignName>Sumativa I</ownerDesignName>
<engineerTo>
<item key="66EBA51E-90F4-4FEF-353F-9CD4EF20FF03" value="true"/>
</engineerTo>
<arc>6382FA95-E799-43A2-D8FA-17583A49350B</arc>
<identifying>false</identifying>
<nameOnSource>Super Type</nameOnSource>
<nameOnTarget>Sub Type</nameOnTarget>
<optionalSource>true</optionalSource>
<optionalTarget>true</optionalTarget>
<sourceEntity>988241E9-9008-6B6F-7BAB-4135D0F8354B</sourceEntity>
<targetEntity>04B75B43-D582-835B-816D-5562DBFADC94</targetEntity>
<transferable>true</transferable>
<deleteRule>NO ACTION</deleteRule>
</Relation>