<?xml version = '1.0' encoding = 'UTF-8'?>
<Diagram class="oracle.dbtools.crest.swingui.logical.DPVLogical" name="Logical" id="C3A417C9-55D7-B2A6-6DC8-BA3C8821816F">
<createdBy>veltran</createdBy>
<modifiedBy>veltran</modifiedBy>
<createdTime>2026-01-25 18:36:04 UTC</createdTime>
<autoRoute>false</autoRoute>
<boxInbox>false</boxInbox>
<showLegend>false</showLegend>
<showLabels>false</showLabels>
<showRelAttributes>false</showRelAttributes>
<gridEnabled>false</gridEnabled>
<showGrid>false</showGrid>
<diagramColor>-1</diagramColor>
<display>false</display>
<notation>1</notation>
<objectViews>
<OView class="oracle.dbtools.crest.swingui.logical.TVEntity" oid="04B75B43-D582-835B-816D-5562DBFADC94" otype="Entity" vid="70297F71-7D14-335B-28E8-960B77F6844E">
<hideElementsInCurrentOnly>false</hideElementsInCurrentOnly>
<bounds x="707" y="44" width="195" height="54"/>
</OView>
<OView class="oracle.dbtools.crest.swingui.logical.TVEntity" oid="39A9448F-BCA1-0306-2801-72C9D73FAC95" otype="Entity" vid="1F47E02E-6038-7712-D734-8FC2CC5EE05D">
<hideElementsInCurrentOnly>false</hideElementsInCurrentOnly>
<bounds x="355" y="240" width="250" height="147"/>
</OView>
<OView class="oracle.dbtools.crest.swingui.logical.TVEntity" oid="49C1DCFE-25C3-BD03-47F7-A0A8765BB5CD" otype="Entity" vid="17D1863E-4B3C-843C-4496-A9629E03E523">
<hideElementsInCurrentOnly>false</hideElementsInCurrentOnly>
<bounds x="947" y="448" width="226" height="124"/>
</OView>
<OView class="oracle.dbtools.crest.swingui.logical.TVEntity" oid="7C060934-C1BB-DE23-6439-838086485B1C" otype="Entity" vid="B54641CD-A34D-3B4F-B199-28FCD73554A0">
<hideElementsInCurrentOnly>false</hideElementsInCurrentOnly>
<bounds x="708" y="127" width="235" height="52"/>
</OView>
<OView class="oracle.dbtools.crest.swingui.logical.TVEntity" oid="847DD4F0-4072-6106-FF92-25E544BA2A92" otype="Entity" vid="3892F115-EDE5-9F47-9D6D-0EB4DA860C9F">
<hideElementsInCurrentOnly>false</hideElementsInCurrentOnly>
<bounds x="39" y="450" width="239" height="110"/>
</OView>
<OView class="oracle.dbtools.crest.swingui.logical.TVEntity" oid="988241E9-9008-6B6F-7BAB-4135D0F8354B" otype="Entity" vid="11DA7AA1-6677-5EE4-2DCC-464E744F3FEB">
<hideElementsInCurrentOnly>false</hideElementsInCurrentOnly>
<bounds x="357" y="36" width="243" height="163"/>
</OView>
<OView class="oracle.dbtools.crest.swingui.logical.TVEntity" oid="9CC9A5B4-C2FA-A2C5-79E9-9DB0ABEBBEE2" otype="Entity" vid="30744D16-40FB-7281-D83C-9742B4002BAF">
<hideElementsInCurrentOnly>false</hideElementsInCurrentOnly>
<bounds x="58" y="284" width="247" height="110"/>
</OView>
<OView class="oracle.dbtools.crest.swingui.logical.TVEntity" oid="B6F69555-9715-9D67-B3B4-96BE7DDA5965" otype="Entity" vid="723BD8D9-C37C-77C3-565E-A7F3D35ADE62">
<hideElementsInCurrentOnly>false</hideElementsInCurrentOnly>
<bounds x="662" y="447" width="222" height="110"/>
</OView>
<OView class="oracle.dbtools.crest.swingui.logical.TVEntity" oid="BB3AC378-E2FB-40B7-4C82-830300CC6602" otype="Entity" vid="BAE328C3-33E3-9976-A77B-6653BF383C81">
<hideElementsInCurrentOnly>false</hideElementsInCurrentOnly>
<bounds x="1201" y="450" width="237" height="119"/>
</OView>
<OView class="oracle.dbtools.crest.swingui.logical.TVEntity" oid="DCE20F34-6FF2-0041-0D7F-F5177501EF1A" otype="Entity" vid="BEF9421B-812E-B5C3-1498-38865C9ADE97">
<hideElementsInCurrentOnly>false</hideElementsInCurrentOnly>
<bounds x="1065" y="620" width="218" height="110"/>
</OView>
<OView class="oracle.dbtools.crest.swingui.logical.TVEntity" oid="EACE5D14-486D-8D83-7C83-FCF165437581" otype="Entity" vid="A5952F9F-30DB-9445-67D2-7C890CEF746D">
<hideElementsInCurrentOnly>false</hideElementsInCurrentOnly>
<bounds x="977" y="188" width="274" height="128"/>
</OView>
<OView class="oracle.dbtools.crest.swingui.logical.TVEntity" oid="F1B5129F-7CBD-A95A-CE9E-648B49895618" otype="Entity" vid="8ADE51B0-8A8A-9E11-A475-412C989B1EE1">
<hideElementsInCurrentOnly>false</hideElementsInCurrentOnly>
<bounds x="360" y="448" width="238" height="110"/>
</OView>
</objectViews>
<connectors>
<Connector class="oracle.dbtools.crest.swingui.logical.TVRelation" oid="0231AE8A-1492-0081-56B5-22A7DD5C2352" otype="Relation" vid_source="8ADE51B0-8A8A-9E11-A475-412C989B1EE1" vid_target="723BD8D9-C37C-77C3-565E-A7F3D35ADE62">
<hideElementsInCurrentOnly>false</hideElementsInCurrentOnly>
<backgroundColor>-16777216</backgroundColor>
<lineWidth>1</lineWidth>
<points>
<point x="598" y="517"/>
<point x="662" y="517"/>
</points>
</Connector>
<Connector class="oracle.dbtools.crest.swingui.logical.TVInheritanceRelation" oid="1BB34344-CF1E-5F21-3AF8-2D9E574FE3C5" otype="Hierarchy relation" vid_source="11DA7AA1-6677-5EE4-2DCC-464E744F3FEB" vid_target="B54641CD-A34D-3B4F-B199-28FCD73554A0">
<hideElementsInCurrentOnly>false</hideElementsInCurrentOnly>
<backgroundColor>-65536</backgroundColor>
<lineWidth>1</lineWidth>
<points>
<point x="600" y="153"/>
<point x="708" y="153"/>
</points>
</Connector>
<Connector class="oracle.dbtools.crest.swingui.logical.TVInheritanceRelation" oid="1CC7D810-0951-8065-0E60-E97353C0B945" otype="Hierarchy relation" vid_source="A5952F9F-30DB-9445-67D2-7C890CEF746D" vid_target="17D1863E-4B3C-843C-4496-A9629E03E523">
<hideElementsInCurrentOnly>false</hideElementsInCurrentOnly>
<backgroundColor>-65536</backgroundColor>
<lineWidth>1</lineWidth>
<points>
<point x="1090" y="316"/>
<point x="1090" y="448"/>
</points>
</Connector>
<Connector class="oracle.dbtools.crest.swingui.logical.TVRelation" oid="22E5E080-9C73-66BA-DFC6-15A04692E937" otype="Relation" vid_source="A5952F9F-30DB-9445-67D2-7C890CEF746D" vid_target="723BD8D9-C37C-77C3-565E-A7F3D35ADE62">
<hideElementsInCurrentOnly>false</hideElementsInCurrentOnly>
<backgroundColor>-16777216</backgroundColor>
<lineWidth>1</lineWidth>
<points>
<point x="1026" y="316"/>
<point x="848" y="447"/>
</points>
</Connector>
<Connector class="oracle.dbtools.crest.swingui.logical.TVRelation" oid="2C1A5BB1-AE4B-2C5F-81C0-45540547A507" otype="Relation" vid_source="A5952F9F-30DB-9445-67D2-7C890CEF746D" vid_target="1F47E02E-6038-7712-D734-8FC2CC5EE05D">
<hideElementsInCurrentOnly>false</hideElementsInCurrentOnly>
<backgroundColor>-16777216</backgroundColor>
<lineWidth>1</lineWidth>
<points>
<point x="977" y="278"/>
<point x="605" y="278"/>
</points>
</Connector>
<Connector class="oracle.dbtools.crest.swingui.logical.TVRelation" oid="39E3F4BD-87EA-E376-B85E-6906E3947735" otype="Relation" vid_source="3892F115-EDE5-9F47-9D6D-0EB4DA860C9F" vid_target="30744D16-40FB-7281-D83C-9742B4002BAF">
<hideElementsInCurrentOnly>false</hideElementsInCurrentOnly>
<backgroundColor>-16777216</backgroundColor>
<lineWidth>1</lineWidth>
<points>
<point x="183" y="450"/>
<point x="183" y="394"/>
</points>
</Connector>
<Connector class="oracle.dbtools.crest.swingui.logical.TVRelation" oid="3A9F2DC9-C689-D0A6-5DA3-E140968E8F71" otype="Relation" vid_source="11DA7AA1-6677-5EE4-2DCC-464E744F3FEB" vid_target="1F47E02E-6038-7712-D734-8FC2CC5EE05D">
<hideElementsInCurrentOnly>false</hideElementsInCurrentOnly>
<backgroundColor>-16777216</backgroundColor>
<lineWidth>1</lineWidth>
<points>
<point x="493" y="199"/>
<point x="493" y="240"/>
</points>
</Connector>
<Connector class="oracle.dbtools.crest.swingui.logical.TVInheritanceRelation" oid="3D12F5CB-C446-4DE0-9CF6-79288776F049" otype="Hierarchy relation" vid_source="11DA7AA1-6677-5EE4-2DCC-464E744F3FEB" vid_target="70297F71-7D14-335B-28E8-960B77F6844E">
<hideElementsInCurrentOnly>false</hideElementsInCurrentOnly>
<backgroundColor>-65536</backgroundColor>
<lineWidth>1</lineWidth>
<points>
<point x="600" y="71"/>
<point x="707" y="71"/>
</points>
</Connector>
<Connector class="oracle.dbtools.crest.swingui.logical.TVRelation" oid="6FBC7406-C62F-16DC-2114-36C59F5762E0" otype="Relation" vid_source="BEF9421B-812E-B5C3-1498-38865C9ADE97" vid_target="BAE328C3-33E3-9976-A77B-6653BF383C81">
<hideElementsInCurrentOnly>false</hideElementsInCurrentOnly>
<backgroundColor>-16777216</backgroundColor>
<lineWidth>1</lineWidth>
<points>
<point x="1242" y="620"/>
<point x="1242" y="569"/>
</points>
</Connector>
<Connector class="oracle.dbtools.crest.swingui.logical.TVRelation" oid="77450294-28BE-D243-1F0D-C068E3456D17" otype="Relation" vid_source="BEF9421B-812E-B5C3-1498-38865C9ADE97" vid_target="17D1863E-4B3C-843C-4496-A9629E03E523">
<hideElementsInCurrentOnly>false</hideElementsInCurrentOnly>
<backgroundColor>-16777216</backgroundColor>
<lineWidth>1</lineWidth>
<points>
<point x="1119" y="620"/>
<point x="1119" y="572"/>
</points>
</Connector>
<Connector class="oracle.dbtools.crest.swingui.logical.TVRelation" oid="97FDD705-A820-DBE5-3F8B-83D478AF7311" otype="Relation" vid_source="1F47E02E-6038-7712-D734-8FC2CC5EE05D" vid_target="3892F115-EDE5-9F47-9D6D-0EB4DA860C9F">
<hideElementsInCurrentOnly>false</hideElementsInCurrentOnly>
<backgroundColor>-16777216</backgroundColor>
<lineWidth>1</lineWidth>
<points>
<point x="356" y="387"/>
<point x="250" y="450"/>
</points>
</Connector>
<Connector class="oracle.dbtools.crest.swingui.logical.TVRelation" oid="BBE79338-30B5-68CF-93B5-74226C8AEB24" otype="Relation" vid_source="8ADE51B0-8A8A-9E11-A475-412C989B1EE1" vid_target="1F47E02E-6038-7712-D734-8FC2CC5EE05D">
<hideElementsInCurrentOnly>false</hideElementsInCurrentOnly>
<backgroundColor>-16777216</backgroundColor>
<lineWidth>1</lineWidth>
<points>
<point x="479" y="448"/>
<point x="479" y="387"/>
</points>
</Connector>
<Connector class="oracle.dbtools.crest.swingui.logical.TVInheritanceRelation" oid="CB956030-92FA-814C-68CC-8971D06D66A5" otype="Hierarchy relation" vid_source="A5952F9F-30DB-9445-67D2-7C890CEF746D" vid_target="BAE328C3-33E3-9976-A77B-6653BF383C81">
<hideElementsInCurrentOnly>false</hideElementsInCurrentOnly>
<backgroundColor>-65536</backgroundColor>
<lineWidth>1</lineWidth>
<points>
<point x="1241" y="316"/>
<point x="1241" y="450"/>
</points>
</Connector>
<Connector class="oracle.dbtools.crest.swingui.logical.TVRelation" oid="D640AD54-10D7-5BAA-B30F-2E72C3C9BBC5" otype="Relation" vid_source="1F47E02E-6038-7712-D734-8FC2CC5EE05D" vid_target="30744D16-40FB-7281-D83C-9742B4002BAF">
<hideElementsInCurrentOnly>false</hideElementsInCurrentOnly>
<backgroundColor>-16777216</backgroundColor>
<lineWidth>1</lineWidth>
<points>
<point x="355" y="335"/>
<point x="305" y="335"/>
</points>
</Connector>
</connectors>
<arcs>
<Arc class="oracle.dbtools.crest.swingui.logical.TVArc" oid="6382FA95-E799-43A2-D8FA-17583A49350B" otype="Arc" vid="9A69C871-161E-58F3-35F9-D2B6D8F9C430">
<hideElementsInCurrentOnly>false</hideElementsInCurrentOnly>
<bounds x="337" y="16" width="283" height="203"/>
</Arc>
<Arc class="oracle.dbtools.crest.swingui.logical.TVArc" oid="A14AA208-5761-4252-53A8-CCB4C67651D0" otype="Arc" vid="8117496F-DA68-78D4-A9E8-A7F965410D62">
<hideElementsInCurrentOnly>false</hideElementsInCurrentOnly>
<bounds x="957" y="168" width="314" height="168"/>
</Arc>
</arcs>
</Diagram>