<?xml version = '1.0' encoding = 'UTF-8'?>
<relationalModel class="oracle.dbtools.crest.model.design.relational.RelationalDesign" name="Relational_1" id="66EBA51E-90F4-4FEF-353F-9CD4EF20FF03" mainViewID="594D824B-DA8C-EF06-F940-FCAA0DD43FB3">
<createdBy>veltran</createdBy>
<createdTime>2026-01-25 18:35:01 UTC</createdTime>
<ownerDesignName>Sumativa I</ownerDesignName>
<shouldBeOpen>false</shouldBeOpen>
<selectedRDBMSSite>32076570-2523-435C-2E92-BF29817DFF70</selectedRDBMSSite>
</relationalModel>