<?xml version = '1.0' encoding = 'UTF-8'?>
<Entity class="oracle.dbtools.crest.model.design.logical.Entity" directorySegmentName="seg_0" id="1A7D32F1-A94D-D6A2-3ED3-862A0746E3E6" name="Cliente">
<createdBy>benjv</createdBy>
<createdTime>2026-02-03 20:34:14 UTC</createdTime>
<ownerDesignName>Sumativa II</ownerDesignName>
<engineerTo>
<item key="37B0C934-B4B3-5521-069B-75D5C8828658" value="true"/>
</engineerTo>
<adequatelyNormalized>NO</adequatelyNormalized>
<expectedVolumes>0</expectedVolumes>
<fwdEngineeringStrategyName>Single Table</fwdEngineeringStrategyName>
<growthPercent>0</growthPercent>
<growthType>Year</growthType>
<maxVolumes>9999999</maxVolumes>
<minVolumes>0</minVolumes>
<normalForm>Third</normalForm>
<attributes itemClass="oracle.dbtools.crest.model.design.logical.Attribute">
<Attribute name="Id_Cliente" id="31A9274C-6039-73B8-ADB2-876FE527F809">
<createdBy>benjv</createdBy>
<createdTime>2026-02-03 20:34:23 UTC</createdTime>
<ownerDesignName>Sumativa II</ownerDesignName>
<engineerTo>
<item key="37B0C934-B4B3-5521-069B-75D5C8828658" value="true"/>
</engineerTo>
<useDomainConstraints>false</useDomainConstraints>
<use>1</use>
<logicalDatatype>LOGDT019</logicalDatatype>
<dataTypePrecision>4</dataTypePrecision>
<ownDataTypeParameters>,4,</ownDataTypeParameters>
</Attribute>
<Attribute name="Nombres" id="14FE6EE2-0123-EBA1-948D-973007F24BA2">
<createdBy>benjv</createdBy>
<createdTime>2026-02-03 20:34:38 UTC</createdTime>
<ownerDesignName>Sumativa II</ownerDesignName>
<engineerTo>
<item key="37B0C934-B4B3-5521-069B-75D5C8828658" value="true"/>
</engineerTo>
<useDomainConstraints>false</useDomainConstraints>
<use>1</use>
<logicalDatatype>LOGDT024</logicalDatatype>
<dataTypeSize>50</dataTypeSize>
<ownDataTypeParameters>50,,</ownDataTypeParameters>
</Attribute>
<Attribute name="Apellidos" id="BA69EA51-1030-599C-7E49-9CA57A838D85">
<createdBy>benjv</createdBy>
<createdTime>2026-02-05 15:55:06 UTC</createdTime>
<ownerDesignName>Sumativa II</ownerDesignName>
<engineerTo>
<item key="37B0C934-B4B3-5521-069B-75D5C8828658" value="true"/>
</engineerTo>
<useDomainConstraints>false</useDomainConstraints>
<use>1</use>
<logicalDatatype>LOGDT024</logicalDatatype>
<dataTypeSize>50</dataTypeSize>
<ownDataTypeParameters>50,,</ownDataTypeParameters>
</Attribute>
<Attribute name="Telefono" id="30E028C9-344C-3114-B70D-2EDAF350CBC8">
<createdBy>benjv</createdBy>
<createdTime>2026-02-03 20:35:06 UTC</createdTime>
<ownerDesignName>Sumativa II</ownerDesignName>
<engineerTo>
<item key="37B0C934-B4B3-5521-069B-75D5C8828658" value="true"/>
</engineerTo>
<useDomainConstraints>false</useDomainConstraints>
<use>1</use>
<logicalDatatype>LOGDT024</logicalDatatype>
<dataTypeSize>15</dataTypeSize>
<ownDataTypeParameters>15,,</ownDataTypeParameters>
</Attribute>
<Attribute name="Id_Comuna" id="401207D7-FBA6-0FC6-B047-EFB936F4906C">
<createdBy>benjv</createdBy>
<createdTime>2026-02-04 23:42:51 UTC</createdTime>
<generatorID>A13DAC27-B12E-8256-57F1-246DBAD4ECAA</generatorID>
<ownerDesignName>Sumativa II</ownerDesignName>
<engineerTo>
<item key="37B0C934-B4B3-5521-069B-75D5C8828658" value="true"/>
</engineerTo>
<referedAttribute>905DCD56-A0E2-D1AD-B690-D273F6EEACD2</referedAttribute>
<use>1</use>
<logicalDatatype>LOGDT019</logicalDatatype>
<dataTypePrecision>4</dataTypePrecision>
<ownDataTypeParameters>,,</ownDataTypeParameters>
</Attribute>
</attributes>
<identifiers itemClass="oracle.dbtools.crest.model.design.logical.CandidateKey">
<identifier id="2BC23AFC-D120-5276-57BA-ACE05D96CB24" name="Cliente PK">
<createdBy>benjv</createdBy>
<createdTime>2026-02-03 20:34:36 UTC</createdTime>
<ownerDesignName>Sumativa II</ownerDesignName>
<engineerTo>
<item key="37B0C934-B4B3-5521-069B-75D5C8828658" value="true"/>
</engineerTo>
<pk>true</pk>
<usedAttributes>
<attributeRef>31A9274C-6039-73B8-ADB2-876FE527F809</attributeRef>
</usedAttributes>
</identifier>
</identifiers>
</Entity>