<?xml version = '1.0' encoding = 'UTF-8'?>
<Entity class="oracle.dbtools.crest.model.design.logical.Entity" directorySegmentName="seg_0" id="3D33A3FE-9EBE-E691-E3D3-9951E0D05FC3" name="Boleta">
<createdBy>benjv</createdBy>
<createdTime>2026-02-03 22:01:46 UTC</createdTime>
<ownerDesignName>Sumativa II</ownerDesignName>
<engineerTo>
<item key="37B0C934-B4B3-5521-069B-75D5C8828658" value="true"/>
</engineerTo>
<adequatelyNormalized>NO</adequatelyNormalized>
<expectedVolumes>0</expectedVolumes>
<fwdEngineeringStrategyName>Single Table</fwdEngineeringStrategyName>
<growthPercent>0</growthPercent>
<growthType>Year</growthType>
<maxVolumes>9999999</maxVolumes>
<minVolumes>0</minVolumes>
<normalForm>Third</normalForm>
<attributes itemClass="oracle.dbtools.crest.model.design.logical.Attribute">
<Attribute name="Num_Boleta" id="3C955276-A365-A908-9B7D-009ECB97C8A7">
<createdBy>benjv</createdBy>
<createdTime>2026-02-03 22:01:54 UTC</createdTime>
<ownerDesignName>Sumativa II</ownerDesignName>
<engineerTo>
<item key="37B0C934-B4B3-5521-069B-75D5C8828658" value="true"/>
</engineerTo>
<useDomainConstraints>false</useDomainConstraints>
<use>1</use>
<logicalDatatype>LOGDT019</logicalDatatype>
<dataTypePrecision>5</dataTypePrecision>
<ownDataTypeParameters>,5,</ownDataTypeParameters>
</Attribute>
<Attribute name="Fecha" id="7DEDD8FE-4BAC-DE69-7644-1AAD372EDEC1">
<createdBy>benjv</createdBy>
<createdTime>2026-02-03 22:02:02 UTC</createdTime>
<ownerDesignName>Sumativa II</ownerDesignName>
<engineerTo>
<item key="37B0C934-B4B3-5521-069B-75D5C8828658" value="true"/>
</engineerTo>
<useDomainConstraints>false</useDomainConstraints>
<use>1</use>
<logicalDatatype>LOGDT007</logicalDatatype>
<ownDataTypeParameters>,,</ownDataTypeParameters>
</Attribute>
<Attribute name="Monto_Total" id="AE377CC1-8814-859C-7A01-48F0FD9B251A">
<createdBy>benjv</createdBy>
<createdTime>2026-02-03 22:02:14 UTC</createdTime>
<ownerDesignName>Sumativa II</ownerDesignName>
<engineerTo>
<item key="37B0C934-B4B3-5521-069B-75D5C8828658" value="true"/>
</engineerTo>
<useDomainConstraints>false</useDomainConstraints>
<use>1</use>
<logicalDatatype>LOGDT019</logicalDatatype>
<dataTypePrecision>12</dataTypePrecision>
<ownDataTypeParameters>,12,</ownDataTypeParameters>
</Attribute>
<Attribute name="Id_Cliente" id="8B09134E-F11E-7B3A-221C-B091D99BCBF8">
<createdBy>benjv</createdBy>
<createdTime>2026-02-03 22:27:04 UTC</createdTime>
<generatorID>FBFDF298-AB7D-746D-0509-8C08A9768434</generatorID>
<ownerDesignName>Sumativa II</ownerDesignName>
<engineerTo>
<item key="37B0C934-B4B3-5521-069B-75D5C8828658" value="true"/>
</engineerTo>
<referedAttribute>31A9274C-6039-73B8-ADB2-876FE527F809</referedAttribute>
<use>1</use>
<logicalDatatype>LOGDT019</logicalDatatype>
<dataTypePrecision>4</dataTypePrecision>
<ownDataTypeParameters>,,</ownDataTypeParameters>
</Attribute>
</attributes>
<identifiers itemClass="oracle.dbtools.crest.model.design.logical.CandidateKey">
<identifier id="A6AF9684-2852-5AD2-7E03-ACF7D893EEA8" name="Boleta PK">
<createdBy>benjv</createdBy>
<createdTime>2026-02-03 22:02:00 UTC</createdTime>
<ownerDesignName>Sumativa II</ownerDesignName>
<engineerTo>
<item key="37B0C934-B4B3-5521-069B-75D5C8828658" value="true"/>
</engineerTo>
<pk>true</pk>
<usedAttributes>
<attributeRef>3C955276-A365-A908-9B7D-009ECB97C8A7</attributeRef>
</usedAttributes>
</identifier>
</identifiers>
</Entity>