<?xml version = '1.0' encoding = 'UTF-8'?>
<Entity class="oracle.dbtools.crest.model.design.logical.Entity" directorySegmentName="seg_0" id="3F75412A-82D4-2C56-925C-98CC8C70F387" name="Sucursal">
<createdBy>benjv</createdBy>
<createdTime>2026-02-03 20:23:39 UTC</createdTime>
<ownerDesignName>Sumativa II</ownerDesignName>
<engineerTo>
<item key="37B0C934-B4B3-5521-069B-75D5C8828658" value="true"/>
</engineerTo>
<adequatelyNormalized>NO</adequatelyNormalized>
<expectedVolumes>0</expectedVolumes>
<fwdEngineeringStrategyName>Single Table</fwdEngineeringStrategyName>
<growthPercent>0</growthPercent>
<growthType>Year</growthType>
<maxVolumes>9999999</maxVolumes>
<minVolumes>0</minVolumes>
<normalForm>Third</normalForm>
<attributes itemClass="oracle.dbtools.crest.model.design.logical.Attribute">
<Attribute name="Sigla_Sucursal" id="9ADF1A05-90CD-6AC7-8766-DEC999A71180">
<createdBy>benjv</createdBy>
<createdTime>2026-02-03 20:23:45 UTC</createdTime>
<ownerDesignName>Sumativa II</ownerDesignName>
<engineerTo>
<item key="37B0C934-B4B3-5521-069B-75D5C8828658" value="true"/>
</engineerTo>
<useDomainConstraints>false</useDomainConstraints>
<use>1</use>
<logicalDatatype>LOGDT024</logicalDatatype>
<dataTypeSize>10</dataTypeSize>
<ownDataTypeParameters>10,,</ownDataTypeParameters>
</Attribute>
<Attribute name="Nombre_Sucursal" id="DAD57111-C896-5908-6F55-59CBE19DBECC">
<createdBy>benjv</createdBy>
<createdTime>2026-02-03 20:23:58 UTC</createdTime>
<ownerDesignName>Sumativa II</ownerDesignName>
<engineerTo>
<item key="37B0C934-B4B3-5521-069B-75D5C8828658" value="true"/>
</engineerTo>
<useDomainConstraints>false</useDomainConstraints>
<use>1</use>
<logicalDatatype>LOGDT024</logicalDatatype>
<dataTypeSize>25</dataTypeSize>
<ownDataTypeParameters>25,,</ownDataTypeParameters>
</Attribute>
<Attribute name="Id_Comuna" id="AA6E5FE5-8E53-8E76-E953-AC7F54DE083C">
<createdBy>benjv</createdBy>
<createdTime>2026-02-03 22:57:14 UTC</createdTime>
<generatorID>37699C6F-F54B-1E60-2A64-4D1E379522C7</generatorID>
<ownerDesignName>Sumativa II</ownerDesignName>
<engineerTo>
<item key="37B0C934-B4B3-5521-069B-75D5C8828658" value="true"/>
</engineerTo>
<referedAttribute>905DCD56-A0E2-D1AD-B690-D273F6EEACD2</referedAttribute>
<use>1</use>
<logicalDatatype>LOGDT019</logicalDatatype>
<dataTypePrecision>4</dataTypePrecision>
<ownDataTypeParameters>,,</ownDataTypeParameters>
</Attribute>
</attributes>
<identifiers itemClass="oracle.dbtools.crest.model.design.logical.CandidateKey">
<identifier id="CF3741D9-736E-04B1-2BC4-1C176AE06672" name="Sucursal PK">
<createdBy>benjv</createdBy>
<createdTime>2026-02-03 20:23:57 UTC</createdTime>
<ownerDesignName>Sumativa II</ownerDesignName>
<engineerTo>
<item key="37B0C934-B4B3-5521-069B-75D5C8828658" value="true"/>
</engineerTo>
<pk>true</pk>
<usedAttributes>
<attributeRef>9ADF1A05-90CD-6AC7-8766-DEC999A71180</attributeRef>
</usedAttributes>
</identifier>
</identifiers>
</Entity>