<?xml version = '1.0' encoding = 'UTF-8'?>
<Entity class="oracle.dbtools.crest.model.design.logical.Entity" directorySegmentName="seg_0" id="8B2F45B1-7EF1-5371-7F63-80E8EECA02BD" name="Modelo">
<createdBy>benjv</createdBy>
<createdTime>2026-02-03 21:49:21 UTC</createdTime>
<ownerDesignName>Sumativa II</ownerDesignName>
<engineerTo>
<item key="37B0C934-B4B3-5521-069B-75D5C8828658" value="true"/>
</engineerTo>
<adequatelyNormalized>NO</adequatelyNormalized>
<expectedVolumes>0</expectedVolumes>
<fwdEngineeringStrategyName>Single Table</fwdEngineeringStrategyName>
<growthPercent>0</growthPercent>
<growthType>Year</growthType>
<maxVolumes>9999999</maxVolumes>
<minVolumes>0</minVolumes>
<normalForm>Third</normalForm>
<attributes itemClass="oracle.dbtools.crest.model.design.logical.Attribute">
<Attribute name="Id_Modelo" id="3767F168-62F0-2131-065D-8CC742947936">
<createdBy>benjv</createdBy>
<createdTime>2026-02-03 21:49:37 UTC</createdTime>
<ownerDesignName>Sumativa II</ownerDesignName>
<engineerTo>
<item key="37B0C934-B4B3-5521-069B-75D5C8828658" value="true"/>
</engineerTo>
<useDomainConstraints>false</useDomainConstraints>
<use>1</use>
<logicalDatatype>LOGDT019</logicalDatatype>
<dataTypePrecision>4</dataTypePrecision>
<ownDataTypeParameters>,4,</ownDataTypeParameters>
</Attribute>
<Attribute name="Descripcion_Modelo" id="D433D119-FE92-32E9-9E02-D8C81688A272">
<createdBy>benjv</createdBy>
<createdTime>2026-02-03 21:49:44 UTC</createdTime>
<ownerDesignName>Sumativa II</ownerDesignName>
<engineerTo>
<item key="37B0C934-B4B3-5521-069B-75D5C8828658" value="true"/>
</engineerTo>
<nullsAllowed>true</nullsAllowed>
<useDomainConstraints>false</useDomainConstraints>
<use>1</use>
<logicalDatatype>LOGDT024</logicalDatatype>
<dataTypeSize>500</dataTypeSize>
<ownDataTypeParameters>500,,</ownDataTypeParameters>
</Attribute>
<Attribute name="Id_Marca" id="2D31EF16-9697-E20F-5CE4-0B49597952A2">
<createdBy>benjv</createdBy>
<createdTime>2026-02-03 23:00:46 UTC</createdTime>
<generatorID>2EE1D7A5-83FF-973E-9919-A9B02E83221B</generatorID>
<ownerDesignName>Sumativa II</ownerDesignName>
<engineerTo>
<item key="37B0C934-B4B3-5521-069B-75D5C8828658" value="true"/>
</engineerTo>
<referedAttribute>1AE2C88B-DC6F-CBA0-5BC3-7C4C32ED1FB2</referedAttribute>
<use>1</use>
<logicalDatatype>LOGDT019</logicalDatatype>
<dataTypePrecision>4</dataTypePrecision>
<ownDataTypeParameters>,,</ownDataTypeParameters>
</Attribute>
</attributes>
<identifiers itemClass="oracle.dbtools.crest.model.design.logical.CandidateKey">
<identifier id="57524C22-889F-0772-27B8-EBAE3A3C6AB6" name="Modelo PK">
<createdBy>benjv</createdBy>
<createdTime>2026-02-03 21:49:41 UTC</createdTime>
<ownerDesignName>Sumativa II</ownerDesignName>
<engineerTo>
<item key="37B0C934-B4B3-5521-069B-75D5C8828658" value="true"/>
</engineerTo>
<pk>true</pk>
<usedAttributes>
<attributeRef>3767F168-62F0-2131-065D-8CC742947936</attributeRef>
<attributeRef>2D31EF16-9697-E20F-5CE4-0B49597952A2</attributeRef>
</usedAttributes>
</identifier>
</identifiers>
</Entity>