<?xml version = '1.0' encoding = 'UTF-8'?>
<Entity class="oracle.dbtools.crest.model.design.logical.Entity" directorySegmentName="seg_0" id="A78F31F2-92D0-85AE-0DE0-43D68161E495" name="Producto">
<createdBy>benjv</createdBy>
<createdTime>2026-02-03 21:53:20 UTC</createdTime>
<ownerDesignName>Sumativa II</ownerDesignName>
<engineerTo>
<item key="37B0C934-B4B3-5521-069B-75D5C8828658" value="true"/>
</engineerTo>
<adequatelyNormalized>NO</adequatelyNormalized>
<expectedVolumes>0</expectedVolumes>
<fwdEngineeringStrategyName>Single Table</fwdEngineeringStrategyName>
<growthPercent>0</growthPercent>
<growthType>Year</growthType>
<maxVolumes>9999999</maxVolumes>
<minVolumes>0</minVolumes>
<normalForm>Third</normalForm>
<attributes itemClass="oracle.dbtools.crest.model.design.logical.Attribute">
<Attribute name="Id_Producto" id="B2052F8E-975C-196F-3446-C6F276D1AB70">
<createdBy>benjv</createdBy>
<createdTime>2026-02-03 21:53:52 UTC</createdTime>
<ownerDesignName>Sumativa II</ownerDesignName>
<engineerTo>
<item key="37B0C934-B4B3-5521-069B-75D5C8828658" value="true"/>
</engineerTo>
<useDomainConstraints>false</useDomainConstraints>
<use>1</use>
<logicalDatatype>LOGDT019</logicalDatatype>
<dataTypePrecision>4</dataTypePrecision>
<ownDataTypeParameters>,4,</ownDataTypeParameters>
</Attribute>
<Attribute name="Nombre_Producto" id="653A2F7E-182B-8032-EBA0-7221913C2B0A">
<createdBy>benjv</createdBy>
<createdTime>2026-02-03 21:54:00 UTC</createdTime>
<ownerDesignName>Sumativa II</ownerDesignName>
<engineerTo>
<item key="37B0C934-B4B3-5521-069B-75D5C8828658" value="true"/>
</engineerTo>
<useDomainConstraints>false</useDomainConstraints>
<use>1</use>
<logicalDatatype>LOGDT024</logicalDatatype>
<dataTypeSize>150</dataTypeSize>
<ownDataTypeParameters>150,,</ownDataTypeParameters>
</Attribute>
<Attribute name="Descripcion" id="3F70D5DA-A4A3-453F-9D50-591B89D4F75B">
<createdBy>benjv</createdBy>
<createdTime>2026-02-03 21:54:18 UTC</createdTime>
<ownerDesignName>Sumativa II</ownerDesignName>
<engineerTo>
<item key="37B0C934-B4B3-5521-069B-75D5C8828658" value="true"/>
</engineerTo>
<nullsAllowed>true</nullsAllowed>
<useDomainConstraints>false</useDomainConstraints>
<use>1</use>
<logicalDatatype>LOGDT024</logicalDatatype>
<dataTypeSize>500</dataTypeSize>
<ownDataTypeParameters>500,,</ownDataTypeParameters>
</Attribute>
<Attribute name="Fecha_Vencimiento" id="415E304D-E3A1-87F6-5EF2-CDC6055D7EC0">
<createdBy>benjv</createdBy>
<createdTime>2026-02-03 21:57:15 UTC</createdTime>
<ownerDesignName>Sumativa II</ownerDesignName>
<engineerTo>
<item key="37B0C934-B4B3-5521-069B-75D5C8828658" value="true"/>
</engineerTo>
<nullsAllowed>true</nullsAllowed>
<useDomainConstraints>false</useDomainConstraints>
<use>1</use>
<logicalDatatype>LOGDT007</logicalDatatype>
<ownDataTypeParameters>,,</ownDataTypeParameters>
</Attribute>
<Attribute name="Precio" id="534F9D04-ED54-8378-E501-DA3FBB06F5CF">
<createdBy>benjv</createdBy>
<createdTime>2026-02-04 23:41:19 UTC</createdTime>
<ownerDesignName>Sumativa II</ownerDesignName>
<engineerTo>
<item key="37B0C934-B4B3-5521-069B-75D5C8828658" value="true"/>
</engineerTo>
<nullsAllowed>true</nullsAllowed>
<useDomainConstraints>false</useDomainConstraints>
<use>1</use>
<logicalDatatype>LOGDT019</logicalDatatype>
<dataTypePrecision>10</dataTypePrecision>
<ownDataTypeParameters>,10,</ownDataTypeParameters>
</Attribute>
<Attribute name="Id_Modelo" id="187D7BAC-9066-E5FE-A37A-766212D780E2">
<createdBy>benjv</createdBy>
<createdTime>2026-02-03 23:02:22 UTC</createdTime>
<generatorID>026E984E-6762-6BE3-B0C3-6321ADDE55D9</generatorID>
<ownerDesignName>Sumativa II</ownerDesignName>
<engineerTo>
<item key="37B0C934-B4B3-5521-069B-75D5C8828658" value="true"/>
</engineerTo>
<referedAttribute>3767F168-62F0-2131-065D-8CC742947936</referedAttribute>
<use>1</use>
<logicalDatatype>LOGDT019</logicalDatatype>
<dataTypePrecision>4</dataTypePrecision>
<ownDataTypeParameters>,,</ownDataTypeParameters>
</Attribute>
<Attribute name="Id_Marca" id="26EF319D-4873-CE97-7DA7-17AC82174191">
<createdBy>benjv</createdBy>
<createdTime>2026-02-03 23:02:22 UTC</createdTime>
<generatorID>026E984E-6762-6BE3-B0C3-6321ADDE55D9</generatorID>
<ownerDesignName>Sumativa II</ownerDesignName>
<engineerTo>
<item key="37B0C934-B4B3-5521-069B-75D5C8828658" value="true"/>
</engineerTo>
<referedAttribute>2D31EF16-9697-E20F-5CE4-0B49597952A2</referedAttribute>
<use>1</use>
<logicalDatatype>LOGDT019</logicalDatatype>
<dataTypePrecision>4</dataTypePrecision>
<ownDataTypeParameters>,,</ownDataTypeParameters>
</Attribute>
<Attribute name="Rut" id="441C8449-2DAA-3BA0-C682-B2EDE99A8461">
<createdBy>benjv</createdBy>
<createdTime>2026-02-04 23:17:00 UTC</createdTime>
<generatorID>E501E8B7-0B04-09C0-580E-E1CF5BD00288</generatorID>
<ownerDesignName>Sumativa II</ownerDesignName>
<engineerTo>
<item key="37B0C934-B4B3-5521-069B-75D5C8828658" value="true"/>
</engineerTo>
<referedAttribute>69A9A923-90FB-2B00-187B-6E71C589C40F</referedAttribute>
<use>1</use>
<logicalDatatype>LOGDT019</logicalDatatype>
<dataTypePrecision>9</dataTypePrecision>
<ownDataTypeParameters>,,</ownDataTypeParameters>
</Attribute>
<Attribute name="Sigla_Sucursal" id="5E83F5CC-AE98-0AB2-7937-AB6CF1A66656">
<createdBy>benjv</createdBy>
<createdTime>2026-02-04 23:27:06 UTC</createdTime>
<generatorID>E961DE19-D7B8-5D0A-F1EF-FBB18FB0B51B</generatorID>
<ownerDesignName>Sumativa II</ownerDesignName>
<engineerTo>
<item key="37B0C934-B4B3-5521-069B-75D5C8828658" value="true"/>
</engineerTo>
<referedAttribute>9ADF1A05-90CD-6AC7-8766-DEC999A71180</referedAttribute>
<use>1</use>
<logicalDatatype>LOGDT024</logicalDatatype>
<dataTypeSize>10</dataTypeSize>
<ownDataTypeParameters>,,</ownDataTypeParameters>
</Attribute>
</attributes>
<identifiers itemClass="oracle.dbtools.crest.model.design.logical.CandidateKey">
<identifier id="D93E578D-F46E-B8E3-F859-2F0F0632C12E" name="Producto PK">
<createdBy>benjv</createdBy>
<createdTime>2026-02-03 21:53:58 UTC</createdTime>
<ownerDesignName>Sumativa II</ownerDesignName>
<engineerTo>
<item key="37B0C934-B4B3-5521-069B-75D5C8828658" value="true"/>
</engineerTo>
<pk>true</pk>
<usedAttributes>
<attributeRef>B2052F8E-975C-196F-3446-C6F276D1AB70</attributeRef>
<attributeRef>5E83F5CC-AE98-0AB2-7937-AB6CF1A66656</attributeRef>
</usedAttributes>
</identifier>
</identifiers>
</Entity>