<?xml version = '1.0' encoding = 'UTF-8'?>
<Relation class="oracle.dbtools.crest.model.design.logical.Relation" name="Modelo_Producto" directorySegmentName="seg_0" id="026E984E-6762-6BE3-B0C3-6321ADDE55D9">
<createdBy>benjv</createdBy>
<createdTime>2026-02-03 23:02:22 UTC</createdTime>
<ownerDesignName>Sumativa II</ownerDesignName>
<engineerTo>
<item key="37B0C934-B4B3-5521-069B-75D5C8828658" value="true"/>
</engineerTo>
<sourcePk>57524C22-889F-0772-27B8-EBAE3A3C6AB6</sourcePk>
<identifying>false</identifying>
<optionalSource>true</optionalSource>
<optionalTarget>false</optionalTarget>
<sourceCardinality>1</sourceCardinality>
<sourceEntity>8B2F45B1-7EF1-5371-7F63-80E8EECA02BD</sourceEntity>
<targetCardinalityString>*</targetCardinalityString>
<targetEntity>A78F31F2-92D0-85AE-0DE0-43D68161E495</targetEntity>
<transferable>true</transferable>
<deleteRule>NO ACTION</deleteRule>
</Relation>