<?xml version = '1.0' encoding = 'UTF-8'?>
<Relation class="oracle.dbtools.crest.model.design.logical.Relation" name="Marca_Modelo" directorySegmentName="seg_0" id="2EE1D7A5-83FF-973E-9919-A9B02E83221B">
<createdBy>benjv</createdBy>
<createdTime>2026-02-03 23:00:46 UTC</createdTime>
<ownerDesignName>Sumativa II</ownerDesignName>
<engineerTo>
<item key="37B0C934-B4B3-5521-069B-75D5C8828658" value="true"/>
</engineerTo>
<sourcePk>A7A242D3-590E-B3CF-FF88-162A56E1EF24</sourcePk>
<identifying>true</identifying>
<optionalSource>true</optionalSource>
<optionalTarget>false</optionalTarget>
<sourceCardinality>1</sourceCardinality>
<sourceEntity>11FC45CD-44E3-34E9-5098-EC11B61558F9</sourceEntity>
<targetCardinalityString>*</targetCardinalityString>
<targetEntity>8B2F45B1-7EF1-5371-7F63-80E8EECA02BD</targetEntity>
<transferable>true</transferable>
<deleteRule>NO ACTION</deleteRule>
</Relation>