<?xml version = '1.0' encoding = 'UTF-8'?>
<Relation class="oracle.dbtools.crest.model.design.logical.Relation" name="Comuna_Sucursal" directorySegmentName="seg_0" id="37699C6F-F54B-1E60-2A64-4D1E379522C7">
<createdBy>benjv</createdBy>
<createdTime>2026-02-03 22:57:14 UTC</createdTime>
<ownerDesignName>Sumativa II</ownerDesignName>
<engineerTo>
<item key="37B0C934-B4B3-5521-069B-75D5C8828658" value="true"/>
</engineerTo>
<sourcePk>6B430D8C-13A2-7D6E-A936-E5BE60C08B5C</sourcePk>
<identifying>false</identifying>
<optionalSource>true</optionalSource>
<optionalTarget>false</optionalTarget>
<sourceCardinality>1</sourceCardinality>
<sourceEntity>AFB2D366-7B86-9BE6-3CE8-4CFDC73ACB13</sourceEntity>
<targetCardinalityString>*</targetCardinalityString>
<targetEntity>3F75412A-82D4-2C56-925C-98CC8C70F387</targetEntity>
<transferable>true</transferable>
<deleteRule>NO ACTION</deleteRule>
</Relation>