<?xml version = '1.0' encoding = 'UTF-8'?>
<Relation class="oracle.dbtools.crest.model.design.logical.Relation" name="Detalle_Boleta" directorySegmentName="seg_0" id="52B83D6A-6441-4DD4-6B26-BE2CA2D77E0F">
<createdBy>benjv</createdBy>
<createdTime>2026-02-03 22:46:36 UTC</createdTime>
<ownerDesignName>Sumativa II</ownerDesignName>
<engineerTo>
<item key="37B0C934-B4B3-5521-069B-75D5C8828658" value="true"/>
</engineerTo>
<identifying>false</identifying>
<optionalSource>true</optionalSource>
<optionalTarget>false</optionalTarget>
<sourceCardinality>*</sourceCardinality>
<sourceEntity>A78F31F2-92D0-85AE-0DE0-43D68161E495</sourceEntity>
<targetCardinalityString>*</targetCardinalityString>
<targetEntity>3D33A3FE-9EBE-E691-E3D3-9951E0D05FC3</targetEntity>
<transferable>true</transferable>
<deleteRule>NO ACTION</deleteRule>
<attributes itemClass="oracle.dbtools.crest.model.design.logical.Attribute">
<attribute name="Cantidad" id="133A3946-AE61-0603-9F04-C3581455E762">
<createdBy>benjv</createdBy>
<createdTime>2026-02-03 22:48:26 UTC</createdTime>
<ownerDesignName>Sumativa II</ownerDesignName>
<engineerTo>
<item key="37B0C934-B4B3-5521-069B-75D5C8828658" value="true"/>
</engineerTo>
<useDomainConstraints>false</useDomainConstraints>
<use>1</use>
<logicalDatatype>LOGDT019</logicalDatatype>
<dataTypePrecision>4</dataTypePrecision>
<dataTypeScale>0</dataTypeScale>
<ownDataTypeParameters>,4,0</ownDataTypeParameters>
</attribute>
<attribute name="Monto_Parcial" id="082CB71E-0287-AD9A-70CA-BC9EF7B48DEA">
<createdBy>benjv</createdBy>
<createdTime>2026-02-03 22:48:42 UTC</createdTime>
<ownerDesignName>Sumativa II</ownerDesignName>
<engineerTo>
<item key="37B0C934-B4B3-5521-069B-75D5C8828658" value="true"/>
</engineerTo>
<useDomainConstraints>false</useDomainConstraints>
<use>1</use>
<logicalDatatype>LOGDT019</logicalDatatype>
<dataTypePrecision>12</dataTypePrecision>
<dataTypeScale>0</dataTypeScale>
<ownDataTypeParameters>,12,0</ownDataTypeParameters>
</attribute>
</attributes>
</Relation>