<?xml version = '1.0' encoding = 'UTF-8'?>
<Relation class="oracle.dbtools.crest.model.design.logical.Relation" name="Comuna_Cliente" directorySegmentName="seg_0" id="A13DAC27-B12E-8256-57F1-246DBAD4ECAA">
<createdBy>benjv</createdBy>
<createdTime>2026-02-04 23:42:51 UTC</createdTime>
<ownerDesignName>Sumativa II</ownerDesignName>
<engineerTo>
<item key="37B0C934-B4B3-5521-069B-75D5C8828658" value="true"/>
</engineerTo>
<sourcePk>6B430D8C-13A2-7D6E-A936-E5BE60C08B5C</sourcePk>
<identifying>false</identifying>
<optionalSource>true</optionalSource>
<optionalTarget>false</optionalTarget>
<sourceCardinality>1</sourceCardinality>
<sourceEntity>AFB2D366-7B86-9BE6-3CE8-4CFDC73ACB13</sourceEntity>
<targetCardinalityString>*</targetCardinalityString>
<targetEntity>1A7D32F1-A94D-D6A2-3ED3-862A0746E3E6</targetEntity>
<transferable>true</transferable>
<deleteRule>NO ACTION</deleteRule>
</Relation>