<?xml version = '1.0' encoding = 'UTF-8'?>
<Relation class="oracle.dbtools.crest.model.design.logical.Relation" name="Region_Comuna" directorySegmentName="seg_0" id="A2392FD0-2D05-C763-324B-862998423958">
<createdBy>benjv</createdBy>
<createdTime>2026-02-04 23:49:02 UTC</createdTime>
<ownerDesignName>Sumativa II</ownerDesignName>
<engineerTo>
<item key="37B0C934-B4B3-5521-069B-75D5C8828658" value="true"/>
</engineerTo>
<sourcePk>9D228014-AF8A-CBC7-1E23-6536D2786A80</sourcePk>
<identifying>false</identifying>
<optionalSource>false</optionalSource>
<optionalTarget>false</optionalTarget>
<sourceCardinality>1</sourceCardinality>
<sourceEntity>10554719-DB88-DE7A-22E5-43C387E9B752</sourceEntity>
<targetCardinalityString>*</targetCardinalityString>
<targetEntity>AFB2D366-7B86-9BE6-3CE8-4CFDC73ACB13</targetEntity>
<transferable>true</transferable>
<deleteRule>NO ACTION</deleteRule>
</Relation>