<?xml version = '1.0' encoding = 'UTF-8'?>
<Relation class="oracle.dbtools.crest.model.design.logical.Relation" name="Proveedor_Producto" directorySegmentName="seg_0" id="E501E8B7-0B04-09C0-580E-E1CF5BD00288">
<createdBy>benjv</createdBy>
<createdTime>2026-02-04 23:17:00 UTC</createdTime>
<ownerDesignName>Sumativa II</ownerDesignName>
<engineerTo>
<item key="37B0C934-B4B3-5521-069B-75D5C8828658" value="true"/>
</engineerTo>
<sourcePk>68B54E3D-8B87-377B-FCB2-5791072BF536</sourcePk>
<identifying>false</identifying>
<optionalSource>false</optionalSource>
<optionalTarget>false</optionalTarget>
<sourceCardinality>1</sourceCardinality>
<sourceEntity>102440CB-C981-BC01-5709-8D8EC45E0080</sourceEntity>
<targetCardinalityString>*</targetCardinalityString>
<targetEntity>A78F31F2-92D0-85AE-0DE0-43D68161E495</targetEntity>
<transferable>true</transferable>
<deleteRule>NO ACTION</deleteRule>
</Relation>