<?xml version = '1.0' encoding = 'UTF-8'?>
<Relation class="oracle.dbtools.crest.model.design.logical.Relation" name="Sucursal_Producto" directorySegmentName="seg_0" id="E961DE19-D7B8-5D0A-F1EF-FBB18FB0B51B">
<createdBy>benjv</createdBy>
<createdTime>2026-02-04 23:27:06 UTC</createdTime>
<ownerDesignName>Sumativa II</ownerDesignName>
<engineerTo>
<item key="37B0C934-B4B3-5521-069B-75D5C8828658" value="true"/>
</engineerTo>
<sourcePk>CF3741D9-736E-04B1-2BC4-1C176AE06672</sourcePk>
<identifying>true</identifying>
<optionalSource>true</optionalSource>
<optionalTarget>false</optionalTarget>
<sourceCardinality>1</sourceCardinality>
<sourceEntity>3F75412A-82D4-2C56-925C-98CC8C70F387</sourceEntity>
<targetCardinalityString>*</targetCardinalityString>
<targetEntity>A78F31F2-92D0-85AE-0DE0-43D68161E495</targetEntity>
<transferable>true</transferable>
<deleteRule>NO ACTION</deleteRule>
</Relation>