<?xml version = '1.0' encoding = 'UTF-8'?>
<Relation class="oracle.dbtools.crest.model.design.logical.Relation" name="Cliente_Boleta" directorySegmentName="seg_0" id="FBFDF298-AB7D-746D-0509-8C08A9768434">
<createdBy>benjv</createdBy>
<createdTime>2026-02-03 22:27:04 UTC</createdTime>
<ownerDesignName>Sumativa II</ownerDesignName>
<engineerTo>
<item key="37B0C934-B4B3-5521-069B-75D5C8828658" value="true"/>
</engineerTo>
<sourcePk>2BC23AFC-D120-5276-57BA-ACE05D96CB24</sourcePk>
<identifying>false</identifying>
<optionalSource>false</optionalSource>
<optionalTarget>false</optionalTarget>
<sourceCardinality>1</sourceCardinality>
<sourceEntity>1A7D32F1-A94D-D6A2-3ED3-862A0746E3E6</sourceEntity>
<targetCardinalityString>*</targetCardinalityString>
<targetEntity>3D33A3FE-9EBE-E691-E3D3-9951E0D05FC3</targetEntity>
<transferable>true</transferable>
<deleteRule>NO ACTION</deleteRule>
</Relation>