<?xml version = '1.0' encoding = 'UTF-8'?>
<Diagram class="oracle.dbtools.crest.swingui.relational.DPVRelational" name="Relational_1" id="2366D16D-C5CC-275A-E89F-FB19892C0390">
<createdBy>benjv</createdBy>
<modifiedBy>benjv</modifiedBy>
<createdTime>2026-02-03 23:39:35 UTC</createdTime>
<autoRoute>false</autoRoute>
<boxInbox>false</boxInbox>
<showLegend>false</showLegend>
<showLabels>false</showLabels>
<showRelAttributes>false</showRelAttributes>
<gridEnabled>false</gridEnabled>
<showGrid>false</showGrid>
<diagramColor>-1</diagramColor>
<display>false</display>
<notation>1</notation>
<objectViews>
<OView class="oracle.dbtools.crest.swingui.relational.TVTable" oid="425E1AC0-35CB-D88B-318F-CC89BCE7F5D3" otype="Table" vid="36C1A9F4-182F-7EF8-2FB3-C8A22E82DFEC">
<hideElementsInCurrentOnly>false</hideElementsInCurrentOnly>
<bounds x="218" y="137" width="224" height="109"/>
</OView>
<OView class="oracle.dbtools.crest.swingui.relational.TVTable" oid="8A85A34F-90A3-C1DF-49D1-48CD2A642D60" otype="Table" vid="B2A59156-059E-E68B-B352-B4B40B609BBC">
<hideElementsInCurrentOnly>false</hideElementsInCurrentOnly>
<bounds x="628" y="277" width="357" height="220"/>
</OView>
<OView class="oracle.dbtools.crest.swingui.relational.TVTable" oid="984E1DA6-07B3-A569-3FE5-EA675C91EBF8" otype="Table" vid="3055C1C1-57D0-83E4-1D91-B47088133534">
<hideElementsInCurrentOnly>false</hideElementsInCurrentOnly>
<bounds x="609" y="543" width="460" height="151"/>
</OView>
<OView class="oracle.dbtools.crest.swingui.relational.TVTable" oid="9DA5623E-9A2D-53EF-B1B5-40893AB6DA40" otype="Table" vid="7A135C77-5324-61CC-6FC3-D2CA9F15635C">
<hideElementsInCurrentOnly>false</hideElementsInCurrentOnly>
<bounds x="1207" y="252" width="225" height="109"/>
</OView>
<OView class="oracle.dbtools.crest.swingui.relational.TVTable" oid="A1025795-34A6-D861-542B-D225036C372C" otype="Table" vid="C9FB3E35-DADB-6FE4-2853-6643E8A4D194">
<hideElementsInCurrentOnly>false</hideElementsInCurrentOnly>
<bounds x="637" y="23" width="323" height="201"/>
</OView>
<OView class="oracle.dbtools.crest.swingui.relational.TVTable" oid="C9CD0AA2-042D-73F3-68A9-F9F47F5545E2" otype="Table" vid="B22AD8E8-0A62-5986-BFF8-969B229336A7">
<hideElementsInCurrentOnly>false</hideElementsInCurrentOnly>
<bounds x="1056" y="388" width="238" height="111"/>
</OView>
<OView class="oracle.dbtools.crest.swingui.relational.TVTable" oid="CEA4BF5B-D4A6-FE2C-7F92-0FD3E1A11E61" otype="Table" vid="33024E31-3C79-BA7E-9461-319D27A00F21">
<hideElementsInCurrentOnly>false</hideElementsInCurrentOnly>
<bounds x="217" y="351" width="235" height="108"/>
</OView>
<OView class="oracle.dbtools.crest.swingui.relational.TVTable" oid="E010EC28-5F16-B4D4-6723-64212B306F4B" otype="Table" vid="1C23C4E4-7AF5-A530-6E1F-6884EBA39049">
<hideElementsInCurrentOnly>false</hideElementsInCurrentOnly>
<bounds x="1182" y="124" width="219" height="107"/>
</OView>
<OView class="oracle.dbtools.crest.swingui.relational.TVTable" oid="E323B2D8-30AA-FCDC-04CB-D39A7AE47B0F" otype="Table" vid="60FC4DC7-3C50-2C58-8A12-57E380D8DDF7">
<hideElementsInCurrentOnly>false</hideElementsInCurrentOnly>
<bounds x="703" y="727" width="218" height="123"/>
</OView>
<OView class="oracle.dbtools.crest.swingui.relational.TVTable" oid="E92AA1C2-8D08-9D7E-50FC-4F3B5FB65705" otype="Table" vid="BB743491-FE11-CDE3-057A-CD01FF59E706">
<hideElementsInCurrentOnly>false</hideElementsInCurrentOnly>
<bounds x="1181" y="706" width="246" height="139"/>
</OView>
<OView class="oracle.dbtools.crest.swingui.relational.TVTable" oid="FD7C5BD8-D926-82EB-53C1-3549E8715455" otype="Table" vid="6C8628A3-1529-5748-2286-EF4D57F88944">
<hideElementsInCurrentOnly>false</hideElementsInCurrentOnly>
<bounds x="1182" y="9" width="218" height="106"/>
</OView>
<OView class="oracle.dbtools.crest.swingui.relational.TVTable" oid="FF811669-AD19-2C04-8139-F5C87C1A691E" otype="Table" vid="C51254C9-4FCD-A0C8-CCFB-41930A688868">
<hideElementsInCurrentOnly>false</hideElementsInCurrentOnly>
<bounds x="1461" y="454" width="203" height="87"/>
</OView>
</objectViews>
<connectors>
<Connector class="oracle.dbtools.crest.swingui.relational.TVFKRelation" oid="17CFDB84-C0F2-543E-CEF8-4FF168BA77C0" otype="FKIndexAssociation" vid_source="B2A59156-059E-E68B-B352-B4B40B609BBC" vid_target="3055C1C1-57D0-83E4-1D91-B47088133534">
<hideElementsInCurrentOnly>false</hideElementsInCurrentOnly>
<backgroundColor>-16777216</backgroundColor>
<lineWidth>1</lineWidth>
<points>
<point x="806" y="497"/>
<point x="806" y="543"/>
</points>
</Connector>
<Connector class="oracle.dbtools.crest.swingui.relational.TVFKRelation" oid="1AA5533D-2C62-88C2-3741-297503F3A50D" otype="FKIndexAssociation" vid_source="36C1A9F4-182F-7EF8-2FB3-C8A22E82DFEC" vid_target="33024E31-3C79-BA7E-9461-319D27A00F21">
<hideElementsInCurrentOnly>false</hideElementsInCurrentOnly>
<backgroundColor>-16777216</backgroundColor>
<lineWidth>1</lineWidth>
<points>
<point x="345" y="246"/>
<point x="345" y="351"/>
</points>
</Connector>
<Connector class="oracle.dbtools.crest.swingui.relational.TVFKRelation" oid="2D01D490-51AA-4DF5-FD1E-9B9B8E397696" otype="FKIndexAssociation" vid_source="C51254C9-4FCD-A0C8-CCFB-41930A688868" vid_target="7A135C77-5324-61CC-6FC3-D2CA9F15635C">
<hideElementsInCurrentOnly>false</hideElementsInCurrentOnly>
<backgroundColor>-16777216</backgroundColor>
<lineWidth>1</lineWidth>
<points>
<point x="1507" y="454"/>
<point x="1388" y="361"/>
</points>
</Connector>
<Connector class="oracle.dbtools.crest.swingui.relational.TVFKRelation" oid="3FAF7199-4177-E0A5-11AD-6CEC139377CF" otype="FKIndexAssociation" vid_source="C9FB3E35-DADB-6FE4-2853-6643E8A4D194" vid_target="1C23C4E4-7AF5-A530-6E1F-6884EBA39049">
<hideElementsInCurrentOnly>false</hideElementsInCurrentOnly>
<backgroundColor>-16777216</backgroundColor>
<lineWidth>1</lineWidth>
<points>
<point x="960" y="174"/>
<point x="1182" y="174"/>
</points>
</Connector>
<Connector class="oracle.dbtools.crest.swingui.relational.TVFKRelation" oid="75F3D92D-8585-940C-95DA-C6C415C15E7E" otype="FKIndexAssociation" vid_source="60FC4DC7-3C50-2C58-8A12-57E380D8DDF7" vid_target="3055C1C1-57D0-83E4-1D91-B47088133534">
<hideElementsInCurrentOnly>false</hideElementsInCurrentOnly>
<backgroundColor>-16777216</backgroundColor>
<lineWidth>1</lineWidth>
<points>
<point x="812" y="727"/>
<point x="812" y="694"/>
</points>
</Connector>
<Connector class="oracle.dbtools.crest.swingui.relational.TVFKRelation" oid="76D2781E-F0D9-A593-5228-B43A752FDB96" otype="FKIndexAssociation" vid_source="33024E31-3C79-BA7E-9461-319D27A00F21" vid_target="B2A59156-059E-E68B-B352-B4B40B609BBC">
<hideElementsInCurrentOnly>false</hideElementsInCurrentOnly>
<backgroundColor>-16777216</backgroundColor>
<lineWidth>1</lineWidth>
<points>
<point x="452" y="420"/>
<point x="628" y="420"/>
</points>
</Connector>
<Connector class="oracle.dbtools.crest.swingui.relational.TVFKRelation" oid="89C9B354-DCEE-EFED-671C-2D0933566866" otype="FKIndexAssociation" vid_source="7A135C77-5324-61CC-6FC3-D2CA9F15635C" vid_target="B22AD8E8-0A62-5986-BFF8-969B229336A7">
<hideElementsInCurrentOnly>false</hideElementsInCurrentOnly>
<backgroundColor>-16777216</backgroundColor>
<lineWidth>1</lineWidth>
<points>
<point x="1207" y="262"/>
<point x="1145" y="262"/>
<point x="1145" y="388"/>
</points>
</Connector>
<Connector class="oracle.dbtools.crest.swingui.relational.TVFKRelation" oid="A65B61DA-1E0F-84EA-77D3-AEEA9D87EE3B" otype="FKIndexAssociation" vid_source="7A135C77-5324-61CC-6FC3-D2CA9F15635C" vid_target="C9FB3E35-DADB-6FE4-2853-6643E8A4D194">
<hideElementsInCurrentOnly>false</hideElementsInCurrentOnly>
<backgroundColor>-16777216</backgroundColor>
<lineWidth>1</lineWidth>
<points>
<point x="1207" y="252"/>
<point x="1095" y="225"/>
<point x="960" y="224"/>
</points>
</Connector>
<Connector class="oracle.dbtools.crest.swingui.relational.TVFKRelation" oid="AF026F0A-15F4-D7F6-AE7E-619DF4403AF3" otype="FKIndexAssociation" vid_source="B22AD8E8-0A62-5986-BFF8-969B229336A7" vid_target="B2A59156-059E-E68B-B352-B4B40B609BBC">
<hideElementsInCurrentOnly>false</hideElementsInCurrentOnly>
<backgroundColor>-16777216</backgroundColor>
<lineWidth>1</lineWidth>
<points>
<point x="1056" y="442"/>
<point x="985" y="442"/>
</points>
</Connector>
<Connector class="oracle.dbtools.crest.swingui.relational.TVFKRelation" oid="CAB69A9D-B94A-CDA9-D0A1-DA0D846E27F5" otype="FKIndexAssociation" vid_source="C9FB3E35-DADB-6FE4-2853-6643E8A4D194" vid_target="6C8628A3-1529-5748-2286-EF4D57F88944">
<hideElementsInCurrentOnly>false</hideElementsInCurrentOnly>
<backgroundColor>-16777216</backgroundColor>
<lineWidth>1</lineWidth>
<points>
<point x="960" y="69"/>
<point x="1182" y="69"/>
</points>
</Connector>
<Connector class="oracle.dbtools.crest.swingui.relational.TVFKRelation" oid="CAD15D2C-8AE6-6FB6-7749-EC77DCA55F89" otype="FKIndexAssociation" vid_source="C9FB3E35-DADB-6FE4-2853-6643E8A4D194" vid_target="B2A59156-059E-E68B-B352-B4B40B609BBC">
<hideElementsInCurrentOnly>false</hideElementsInCurrentOnly>
<backgroundColor>-16777216</backgroundColor>
<lineWidth>1</lineWidth>
<points>
<point x="813" y="224"/>
<point x="813" y="277"/>
</points>
</Connector>
<Connector class="oracle.dbtools.crest.swingui.relational.TVFKRelation" oid="D77A06A9-C6F1-C319-8B07-2963EDCDBBFA" otype="FKIndexAssociation" vid_source="7A135C77-5324-61CC-6FC3-D2CA9F15635C" vid_target="BB743491-FE11-CDE3-057A-CD01FF59E706">
<hideElementsInCurrentOnly>false</hideElementsInCurrentOnly>
<backgroundColor>-16777216</backgroundColor>
<lineWidth>1</lineWidth>
<points>
<point x="1317" y="361"/>
<point x="1317" y="706"/>
</points>
</Connector>
<Connector class="oracle.dbtools.crest.swingui.relational.TVFKRelation" oid="FD7BC425-2820-1D9B-8C00-8444A805099F" otype="FKIndexAssociation" vid_source="BB743491-FE11-CDE3-057A-CD01FF59E706" vid_target="60FC4DC7-3C50-2C58-8A12-57E380D8DDF7">
<hideElementsInCurrentOnly>false</hideElementsInCurrentOnly>
<backgroundColor>-16777216</backgroundColor>
<lineWidth>1</lineWidth>
<points>
<point x="1181" y="786"/>
<point x="921" y="786"/>
</points>
</Connector>
</connectors>
<arcs>
<Arc class="oracle.dbtools.crest.swingui.relational.TVFKArc" oid="CAB47250-F61E-C5D6-40F0-E09F82BA610D" otype="FKArc" vid="4137D45A-7367-C28C-B56F-A494A85800BD">
<hideElementsInCurrentOnly>false</hideElementsInCurrentOnly>
<bounds x="617" y="3" width="363" height="241"/>
</Arc>
</arcs>
</Diagram>