<?xml version = '1.0' encoding = 'UTF-8'?>
<Diagram class="oracle.dbtools.crest.swingui.relational.DPVRelationalSubView" name="From_LM_Logical - SubView_1" id="65987955-FF1D-F18B-DEC7-872410E7239F">
<createdBy>benjv</createdBy>
<modifiedBy>benjv</modifiedBy>
<createdTime>2026-02-05 16:43:40 UTC</createdTime>
<autoRoute>false</autoRoute>
<boxInbox>false</boxInbox>
<showLegend>false</showLegend>
<showLabels>false</showLabels>
<showRelAttributes>false</showRelAttributes>
<gridEnabled>false</gridEnabled>
<showGrid>false</showGrid>
<diagramColor>-1</diagramColor>
<display>false</display>
<generatorId>BB961847-3992-42AA-A804-6D0CD51DD61B</generatorId>
<notation>1</notation>
<objectViews>
<OView class="oracle.dbtools.crest.swingui.relational.TVTable" oid="E010EC28-5F16-B4D4-6723-64212B306F4B" otype="Table" vid="EC38B168-F1D6-5176-6A46-FE0FCCBF6C70">
<hideElementsInCurrentOnly>false</hideElementsInCurrentOnly>
<bounds x="609" y="856" width="170" height="110"/>
<generatorID>FCDDCA2F-DDA0-5A39-DBB1-B99FC806EF8A</generatorID>
</OView>
</objectViews>
</Diagram>