<?xml version = '1.0' encoding = 'UTF-8'?>
<Entity class="oracle.dbtools.crest.model.design.logical.Entity" directorySegmentName="seg_0" id="39A9448F-BCA1-0306-2801-72C9D73FAC95" name="Boleta">
<createdBy>veltran</createdBy>
<createdTime>2026-01-25 18:58:47 UTC</createdTime>
<ownerDesignName>Sumativa I</ownerDesignName>
<engineerTo>
<item key="66EBA51E-90F4-4FEF-353F-9CD4EF20FF03" value="true"/>
</engineerTo>
<adequatelyNormalized>NO</adequatelyNormalized>
<expectedVolumes>0</expectedVolumes>
<fwdEngineeringStrategyName>Single Table</fwdEngineeringStrategyName>
<growthPercent>0</growthPercent>
<growthType>Year</growthType>
<maxVolumes>9999999</maxVolumes>
<minVolumes>0</minVolumes>
<normalForm>Third</normalForm>
<attributes itemClass="oracle.dbtools.crest.model.design.logical.Attribute">
<Attribute name="Num_Boleta" id="E53CB7DD-3CA2-9FA3-1E9B-776E007FD1A2">
<createdBy>veltran</createdBy>
<createdTime>2026-01-25 18:58:51 UTC</createdTime>
<ownerDesignName>Sumativa I</ownerDesignName>
<engineerTo>
<item key="66EBA51E-90F4-4FEF-353F-9CD4EF20FF03" value="true"/>
</engineerTo>
<useDomainConstraints>false</useDomainConstraints>
<use>1</use>
<logicalDatatype>LOGDT019</logicalDatatype>
<dataTypePrecision>10</dataTypePrecision>
<ownDataTypeParameters>,10,</ownDataTypeParameters>
</Attribute>
<Attribute name="Fecha_Boleta" id="9FEEC7AF-9A5A-E73C-09E9-F68C6B2126A2">
<createdBy>veltran</createdBy>
<createdTime>2026-01-25 18:59:10 UTC</createdTime>
<ownerDesignName>Sumativa I</ownerDesignName>
<engineerTo>
<item key="66EBA51E-90F4-4FEF-353F-9CD4EF20FF03" value="true"/>
</engineerTo>
<useDomainConstraints>false</useDomainConstraints>
<use>1</use>
<logicalDatatype>LOGDT007</logicalDatatype>
<ownDataTypeParameters>,,</ownDataTypeParameters>
</Attribute>
<Attribute name="Monto_Venta" id="5CA18F04-6C6A-D8C0-7674-9D4C78280768">
<createdBy>veltran</createdBy>
<createdTime>2026-01-25 18:59:25 UTC</createdTime>
<ownerDesignName>Sumativa I</ownerDesignName>
<engineerTo>
<item key="66EBA51E-90F4-4FEF-353F-9CD4EF20FF03" value="true"/>
</engineerTo>
<useDomainConstraints>false</useDomainConstraints>
<use>1</use>
<logicalDatatype>LOGDT019</logicalDatatype>
<dataTypePrecision>7</dataTypePrecision>
<ownDataTypeParameters>,7,</ownDataTypeParameters>
</Attribute>
<Attribute name="Cantidad_Productos" id="02D326D8-3FA6-8775-1CBD-F4933CB6EDC2">
<createdBy>veltran</createdBy>
<createdTime>2026-01-25 19:02:44 UTC</createdTime>
<ownerDesignName>Sumativa I</ownerDesignName>
<engineerTo>
<item key="66EBA51E-90F4-4FEF-353F-9CD4EF20FF03" value="true"/>
</engineerTo>
<useDomainConstraints>false</useDomainConstraints>
<use>1</use>
<logicalDatatype>LOGDT019</logicalDatatype>
<dataTypePrecision>4</dataTypePrecision>
<ownDataTypeParameters>,4,</ownDataTypeParameters>
</Attribute>
<Attribute name="Id_Cliente" id="9408E94C-9D00-D499-7C07-E05F7B3547A9">
<createdBy>veltran</createdBy>
<createdTime>2026-01-25 20:00:27 UTC</createdTime>
<generatorID>3A9F2DC9-C689-D0A6-5DA3-E140968E8F71</generatorID>
<ownerDesignName>Sumativa I</ownerDesignName>
<engineerTo>
<item key="66EBA51E-90F4-4FEF-353F-9CD4EF20FF03" value="true"/>
</engineerTo>
<referedAttribute>7E7048BA-6A2B-69DE-47BD-54950C58BD49</referedAttribute>
<useDomainConstraints>false</useDomainConstraints>
<use>1</use>
<logicalDatatype>LOGDT019</logicalDatatype>
<dataTypePrecision>5</dataTypePrecision>
<ownDataTypeParameters>,,</ownDataTypeParameters>
</Attribute>
<Attribute name="Rut_Trabajador" id="2219D56A-0787-1CF9-FC77-4AC2FE45AEB7">
<createdBy>veltran</createdBy>
<createdTime>2026-01-25 20:01:24 UTC</createdTime>
<generatorID>2C1A5BB1-AE4B-2C5F-81C0-45540547A507</generatorID>
<ownerDesignName>Sumativa I</ownerDesignName>
<engineerTo>
<item key="66EBA51E-90F4-4FEF-353F-9CD4EF20FF03" value="true"/>
</engineerTo>
<referedAttribute>D446309B-C6F4-69B1-6657-0B86A51A9E98</referedAttribute>
<useDomainConstraints>false</useDomainConstraints>
<use>1</use>
<logicalDatatype>LOGDT024</logicalDatatype>
<dataTypeSize>12</dataTypeSize>
<ownDataTypeParameters>,,</ownDataTypeParameters>
</Attribute>
<Attribute name="Num_Sucursal" id="E3A20773-3A83-414E-0F71-5AE0D9B3A1F6">
<createdBy>veltran</createdBy>
<createdTime>2026-01-25 20:02:34 UTC</createdTime>
<generatorID>BBE79338-30B5-68CF-93B5-74226C8AEB24</generatorID>
<ownerDesignName>Sumativa I</ownerDesignName>
<engineerTo>
<item key="66EBA51E-90F4-4FEF-353F-9CD4EF20FF03" value="true"/>
</engineerTo>
<referedAttribute>9D507FB6-D98C-7869-202D-C652EBE70C5B</referedAttribute>
<useDomainConstraints>false</useDomainConstraints>
<use>1</use>
<logicalDatatype>LOGDT019</logicalDatatype>
<dataTypePrecision>2</dataTypePrecision>
<ownDataTypeParameters>,,</ownDataTypeParameters>
</Attribute>
</attributes>
<identifiers itemClass="oracle.dbtools.crest.model.design.logical.CandidateKey">
<identifier id="9EDC9A4C-CBB9-0F88-CFE4-E837B8EFF8E2" name="Boleta PK">
<createdBy>veltran</createdBy>
<createdTime>2026-01-25 18:58:58 UTC</createdTime>
<ownerDesignName>Sumativa I</ownerDesignName>
<engineerTo>
<item key="66EBA51E-90F4-4FEF-353F-9CD4EF20FF03" value="true"/>
</engineerTo>
<pk>true</pk>
<usedAttributes>
<attributeRef>E53CB7DD-3CA2-9FA3-1E9B-776E007FD1A2</attributeRef>
</usedAttributes>
</identifier>
</identifiers>
</Entity>