<?xml version = '1.0' encoding = 'UTF-8'?>
<Entity class="oracle.dbtools.crest.model.design.logical.Entity" directorySegmentName="seg_0" id="988241E9-9008-6B6F-7BAB-4135D0F8354B" name="Cliente">
<createdBy>veltran</createdBy>
<createdTime>2026-01-25 18:47:12 UTC</createdTime>
<ownerDesignName>Sumativa I</ownerDesignName>
<engineerTo>
<item key="66EBA51E-90F4-4FEF-353F-9CD4EF20FF03" value="true"/>
</engineerTo>
<adequatelyNormalized>NO</adequatelyNormalized>
<expectedVolumes>0</expectedVolumes>
<fwdEngineeringStrategyName>Single Table</fwdEngineeringStrategyName>
<growthPercent>0</growthPercent>
<growthType>Year</growthType>
<maxVolumes>9999999</maxVolumes>
<minVolumes>0</minVolumes>
<normalForm>Third</normalForm>
<attributes itemClass="oracle.dbtools.crest.model.design.logical.Attribute">
<Attribute name="Id_Cliente" id="7E7048BA-6A2B-69DE-47BD-54950C58BD49">
<createdBy>veltran</createdBy>
<createdTime>2026-01-25 18:47:23 UTC</createdTime>
<ownerDesignName>Sumativa I</ownerDesignName>
<engineerTo>
<item key="66EBA51E-90F4-4FEF-353F-9CD4EF20FF03" value="true"/>
</engineerTo>
<useDomainConstraints>false</useDomainConstraints>
<use>1</use>
<logicalDatatype>LOGDT019</logicalDatatype>
<dataTypePrecision>5</dataTypePrecision>
<ownDataTypeParameters>,5,</ownDataTypeParameters>
</Attribute>
<Attribute name="Nombre_Cliente" id="F1D174D4-ED34-4D8E-DE9F-72C2B84F3221">
<createdBy>veltran</createdBy>
<createdTime>2026-01-25 18:47:34 UTC</createdTime>
<ownerDesignName>Sumativa I</ownerDesignName>
<engineerTo>
<item key="66EBA51E-90F4-4FEF-353F-9CD4EF20FF03" value="true"/>
</engineerTo>
<useDomainConstraints>false</useDomainConstraints>
<use>1</use>
<logicalDatatype>LOGDT024</logicalDatatype>
<dataTypeSize>25</dataTypeSize>
<ownDataTypeParameters>25,,</ownDataTypeParameters>
</Attribute>
<Attribute name="Apellido_Cliente" id="A043C9B5-651B-C043-EB67-EAF7C8E2F873">
<createdBy>veltran</createdBy>
<createdTime>2026-01-25 18:47:51 UTC</createdTime>
<ownerDesignName>Sumativa I</ownerDesignName>
<engineerTo>
<item key="66EBA51E-90F4-4FEF-353F-9CD4EF20FF03" value="true"/>
</engineerTo>
<useDomainConstraints>false</useDomainConstraints>
<use>1</use>
<logicalDatatype>LOGDT024</logicalDatatype>
<dataTypeSize>25</dataTypeSize>
<ownDataTypeParameters>25,,</ownDataTypeParameters>
</Attribute>
<Attribute name="Rut_Cliente" id="4B975405-E297-3BD8-A258-A6218073735C">
<createdBy>veltran</createdBy>
<createdTime>2026-01-25 18:48:24 UTC</createdTime>
<ownerDesignName>Sumativa I</ownerDesignName>
<engineerTo>
<item key="66EBA51E-90F4-4FEF-353F-9CD4EF20FF03" value="true"/>
</engineerTo>
<useDomainConstraints>false</useDomainConstraints>
<use>1</use>
<logicalDatatype>LOGDT024</logicalDatatype>
<ownDataTypeParameters>,,</ownDataTypeParameters>
</Attribute>
<Attribute name="Email" id="AE84D6C6-E34D-68F3-1857-9053C6E33B8F">
<createdBy>veltran</createdBy>
<createdTime>2026-01-25 18:48:44 UTC</createdTime>
<ownerDesignName>Sumativa I</ownerDesignName>
<engineerTo>
<item key="66EBA51E-90F4-4FEF-353F-9CD4EF20FF03" value="true"/>
</engineerTo>
<useDomainConstraints>false</useDomainConstraints>
<use>1</use>
<logicalDatatype>LOGDT024</logicalDatatype>
<dataTypeSize>50</dataTypeSize>
<ownDataTypeParameters>50,,</ownDataTypeParameters>
</Attribute>
<Attribute name="Puntaje" id="CC4F6C73-77AF-3F3B-CABC-139168B52CBC">
<createdBy>veltran</createdBy>
<createdTime>2026-01-25 18:50:08 UTC</createdTime>
<ownerDesignName>Sumativa I</ownerDesignName>
<engineerTo>
<item key="66EBA51E-90F4-4FEF-353F-9CD4EF20FF03" value="true"/>
</engineerTo>
<useDomainConstraints>false</useDomainConstraints>
<use>1</use>
<logicalDatatype>LOGDT019</logicalDatatype>
<dataTypePrecision>6</dataTypePrecision>
<ownDataTypeParameters>,6,</ownDataTypeParameters>
</Attribute>
</attributes>
<identifiers itemClass="oracle.dbtools.crest.model.design.logical.CandidateKey">
<identifier id="38691CE8-C4CE-C0CE-C8D9-D9E110BA3CF5" name="Cliente PK">
<createdBy>veltran</createdBy>
<createdTime>2026-01-25 18:47:32 UTC</createdTime>
<ownerDesignName>Sumativa I</ownerDesignName>
<engineerTo>
<item key="66EBA51E-90F4-4FEF-353F-9CD4EF20FF03" value="true"/>
</engineerTo>
<pk>true</pk>
<usedAttributes>
<attributeRef>7E7048BA-6A2B-69DE-47BD-54950C58BD49</attributeRef>
</usedAttributes>
</identifier>
<identifier id="F5F1BAC8-F1AD-3AFA-47D6-59F1CB76F5B3" name="Rut_Cliente">
<createdBy>veltran</createdBy>
<createdTime>2026-01-25 18:49:07 UTC</createdTime>
<ownerDesignName>Sumativa I</ownerDesignName>
<engineerTo>
<item key="66EBA51E-90F4-4FEF-353F-9CD4EF20FF03" value="true"/>
</engineerTo>
<newElementsIDs>4B975405-E297-3BD8-A258-A6218073735C</newElementsIDs>
<usedAttributes>
<attributeRef>4B975405-E297-3BD8-A258-A6218073735C</attributeRef>
</usedAttributes>
</identifier>
<identifier id="F0F02B30-95F6-C630-1C52-65748EBF4793" name="Email_Cliente">
<createdBy>veltran</createdBy>
<createdTime>2026-01-25 18:49:29 UTC</createdTime>
<ownerDesignName>Sumativa I</ownerDesignName>
<engineerTo>
<item key="66EBA51E-90F4-4FEF-353F-9CD4EF20FF03" value="true"/>
</engineerTo>
<newElementsIDs>AE84D6C6-E34D-68F3-1857-9053C6E33B8F</newElementsIDs>
<usedAttributes>
<attributeRef>AE84D6C6-E34D-68F3-1857-9053C6E33B8F</attributeRef>
</usedAttributes>
</identifier>
</identifiers>
</Entity>