<?xml version = '1.0' encoding = 'UTF-8'?>
<Entity class="oracle.dbtools.crest.model.design.logical.Entity" directorySegmentName="seg_0" id="9CC9A5B4-C2FA-A2C5-79E9-9DB0ABEBBEE2" name="Detalle_Boleta">
<createdBy>veltran</createdBy>
<createdTime>2026-01-25 20:19:05 UTC</createdTime>
<ownerDesignName>Sumativa I</ownerDesignName>
<engineerTo>
<item key="66EBA51E-90F4-4FEF-353F-9CD4EF20FF03" value="true"/>
</engineerTo>
<adequatelyNormalized>NO</adequatelyNormalized>
<expectedVolumes>0</expectedVolumes>
<fwdEngineeringStrategyName>Single Table</fwdEngineeringStrategyName>
<growthPercent>0</growthPercent>
<growthType>Year</growthType>
<maxVolumes>9999999</maxVolumes>
<minVolumes>0</minVolumes>
<normalForm>Third</normalForm>
<attributes itemClass="oracle.dbtools.crest.model.design.logical.Attribute">
<Attribute name="Cantidad" id="ED8E3E03-E9EE-A976-0540-15503D314227">
<createdBy>veltran</createdBy>
<createdTime>2026-01-25 20:19:13 UTC</createdTime>
<ownerDesignName>Sumativa I</ownerDesignName>
<engineerTo>
<item key="66EBA51E-90F4-4FEF-353F-9CD4EF20FF03" value="true"/>
</engineerTo>
<useDomainConstraints>false</useDomainConstraints>
<use>1</use>
<logicalDatatype>LOGDT019</logicalDatatype>
<dataTypePrecision>4</dataTypePrecision>
<ownDataTypeParameters>,4,</ownDataTypeParameters>
</Attribute>
<Attribute name="Precio_Unitario" id="42FFEB42-23FC-A9D3-3993-85DC46982F6C">
<createdBy>veltran</createdBy>
<createdTime>2026-01-25 20:19:59 UTC</createdTime>
<ownerDesignName>Sumativa I</ownerDesignName>
<engineerTo>
<item key="66EBA51E-90F4-4FEF-353F-9CD4EF20FF03" value="true"/>
</engineerTo>
<useDomainConstraints>false</useDomainConstraints>
<use>1</use>
<logicalDatatype>LOGDT019</logicalDatatype>
<dataTypePrecision>7</dataTypePrecision>
<ownDataTypeParameters>,7,</ownDataTypeParameters>
</Attribute>
<Attribute name="Num_Boleta" id="5C185C4C-8A21-F742-F485-3D482486F792">
<createdBy>veltran</createdBy>
<createdTime>2026-01-25 20:20:58 UTC</createdTime>
<generatorID>D640AD54-10D7-5BAA-B30F-2E72C3C9BBC5</generatorID>
<ownerDesignName>Sumativa I</ownerDesignName>
<engineerTo>
<item key="66EBA51E-90F4-4FEF-353F-9CD4EF20FF03" value="true"/>
</engineerTo>
<referedAttribute>E53CB7DD-3CA2-9FA3-1E9B-776E007FD1A2</referedAttribute>
<useDomainConstraints>false</useDomainConstraints>
<use>1</use>
<logicalDatatype>LOGDT019</logicalDatatype>
<dataTypePrecision>10</dataTypePrecision>
<ownDataTypeParameters>,,</ownDataTypeParameters>
</Attribute>
<Attribute name="Id_Producto" id="F862528D-EB0D-1E42-3E94-1C23A57C682B">
<createdBy>veltran</createdBy>
<createdTime>2026-01-25 20:21:20 UTC</createdTime>
<generatorID>39E3F4BD-87EA-E376-B85E-6906E3947735</generatorID>
<ownerDesignName>Sumativa I</ownerDesignName>
<engineerTo>
<item key="66EBA51E-90F4-4FEF-353F-9CD4EF20FF03" value="true"/>
</engineerTo>
<referedAttribute>7CB4212B-9CC2-AA46-1EEE-473AFCF90AD9</referedAttribute>
<useDomainConstraints>false</useDomainConstraints>
<use>1</use>
<logicalDatatype>LOGDT019</logicalDatatype>
<dataTypePrecision>5</dataTypePrecision>
<ownDataTypeParameters>,,</ownDataTypeParameters>
</Attribute>
</attributes>
<identifiers itemClass="oracle.dbtools.crest.model.design.logical.CandidateKey">
<identifier id="084C2DC4-3593-3273-15E9-9FCEF53A57D8" name="Detalle_Boleta PK">
<createdBy>veltran</createdBy>
<createdTime>2026-01-25 20:22:13 UTC</createdTime>
<ownerDesignName>Sumativa I</ownerDesignName>
<engineerTo>
<item key="66EBA51E-90F4-4FEF-353F-9CD4EF20FF03" value="true"/>
</engineerTo>
<pk>true</pk>
<usedAttributes>
<attributeRef>5C185C4C-8A21-F742-F485-3D482486F792</attributeRef>
<attributeRef>F862528D-EB0D-1E42-3E94-1C23A57C682B</attributeRef>
</usedAttributes>
</identifier>
</identifiers>
</Entity>