<?xml version = '1.0' encoding = 'UTF-8'?>
<Entity class="oracle.dbtools.crest.model.design.logical.Entity" directorySegmentName="seg_0" id="B6F69555-9715-9D67-B3B4-96BE7DDA5965" name="Contrato">
<createdBy>veltran</createdBy>
<createdTime>2026-01-25 19:43:32 UTC</createdTime>
<ownerDesignName>Sumativa I</ownerDesignName>
<engineerTo>
<item key="66EBA51E-90F4-4FEF-353F-9CD4EF20FF03" value="true"/>
</engineerTo>
<adequatelyNormalized>NO</adequatelyNormalized>
<expectedVolumes>0</expectedVolumes>
<fwdEngineeringStrategyName>Single Table</fwdEngineeringStrategyName>
<growthPercent>0</growthPercent>
<growthType>Year</growthType>
<maxVolumes>9999999</maxVolumes>
<minVolumes>0</minVolumes>
<normalForm>Third</normalForm>
<attributes itemClass="oracle.dbtools.crest.model.design.logical.Attribute">
<Attribute name="Num_Contrato" id="B973E105-F30B-1EAB-E6BE-92003C3BD984">
<createdBy>veltran</createdBy>
<createdTime>2026-01-25 19:43:40 UTC</createdTime>
<ownerDesignName>Sumativa I</ownerDesignName>
<engineerTo>
<item key="66EBA51E-90F4-4FEF-353F-9CD4EF20FF03" value="true"/>
</engineerTo>
<useDomainConstraints>false</useDomainConstraints>
<use>1</use>
<logicalDatatype>LOGDT019</logicalDatatype>
<dataTypePrecision>6</dataTypePrecision>
<ownDataTypeParameters>,6,</ownDataTypeParameters>
</Attribute>
<Attribute name="Fecha_Contrato" id="11ECEE0B-EE1A-E0FF-1089-34524B89E632">
<createdBy>veltran</createdBy>
<createdTime>2026-01-25 19:44:15 UTC</createdTime>
<ownerDesignName>Sumativa I</ownerDesignName>
<engineerTo>
<item key="66EBA51E-90F4-4FEF-353F-9CD4EF20FF03" value="true"/>
</engineerTo>
<useDomainConstraints>false</useDomainConstraints>
<use>1</use>
<logicalDatatype>LOGDT007</logicalDatatype>
<ownDataTypeParameters>,,</ownDataTypeParameters>
</Attribute>
<Attribute name="Num_Sucursal" id="18C85054-6371-40FA-7BE2-17AEB6356EC6">
<createdBy>veltran</createdBy>
<createdTime>2026-01-25 19:55:29 UTC</createdTime>
<generatorID>0231AE8A-1492-0081-56B5-22A7DD5C2352</generatorID>
<ownerDesignName>Sumativa I</ownerDesignName>
<engineerTo>
<item key="66EBA51E-90F4-4FEF-353F-9CD4EF20FF03" value="true"/>
</engineerTo>
<referedAttribute>9D507FB6-D98C-7869-202D-C652EBE70C5B</referedAttribute>
<useDomainConstraints>false</useDomainConstraints>
<use>1</use>
<logicalDatatype>LOGDT019</logicalDatatype>
<dataTypePrecision>2</dataTypePrecision>
<ownDataTypeParameters>,,</ownDataTypeParameters>
</Attribute>
<Attribute name="Rut_Trabajador" id="373133F3-B4D7-3FFB-A207-315E6BC31D53">
<createdBy>veltran</createdBy>
<createdTime>2026-01-25 19:57:29 UTC</createdTime>
<generatorID>22E5E080-9C73-66BA-DFC6-15A04692E937</generatorID>
<ownerDesignName>Sumativa I</ownerDesignName>
<engineerTo>
<item key="66EBA51E-90F4-4FEF-353F-9CD4EF20FF03" value="true"/>
</engineerTo>
<referedAttribute>D446309B-C6F4-69B1-6657-0B86A51A9E98</referedAttribute>
<useDomainConstraints>false</useDomainConstraints>
<use>1</use>
<logicalDatatype>LOGDT024</logicalDatatype>
<dataTypeSize>12</dataTypeSize>
<ownDataTypeParameters>,,</ownDataTypeParameters>
</Attribute>
</attributes>
<identifiers itemClass="oracle.dbtools.crest.model.design.logical.CandidateKey">
<identifier id="9A9D6C35-A64C-F43F-41F3-70AF4E215F0D" name="Contrato PK">
<createdBy>veltran</createdBy>
<createdTime>2026-01-25 19:43:46 UTC</createdTime>
<ownerDesignName>Sumativa I</ownerDesignName>
<engineerTo>
<item key="66EBA51E-90F4-4FEF-353F-9CD4EF20FF03" value="true"/>
</engineerTo>
<pk>true</pk>
<usedAttributes>
<attributeRef>B973E105-F30B-1EAB-E6BE-92003C3BD984</attributeRef>
<attributeRef>18C85054-6371-40FA-7BE2-17AEB6356EC6</attributeRef>
</usedAttributes>
</identifier>
</identifiers>
</Entity>