<?xml version = '1.0' encoding = 'UTF-8'?>
<Entity class="oracle.dbtools.crest.model.design.logical.Entity" directorySegmentName="seg_0" id="DCE20F34-6FF2-0041-0D7F-F5177501EF1A" name="Cargo">
<createdBy>veltran</createdBy>
<createdTime>2026-01-25 19:07:31 UTC</createdTime>
<ownerDesignName>Sumativa I</ownerDesignName>
<engineerTo>
<item key="66EBA51E-90F4-4FEF-353F-9CD4EF20FF03" value="true"/>
</engineerTo>
<adequatelyNormalized>NO</adequatelyNormalized>
<expectedVolumes>0</expectedVolumes>
<fwdEngineeringStrategyName>Single Table</fwdEngineeringStrategyName>
<growthPercent>0</growthPercent>
<growthType>Year</growthType>
<maxVolumes>9999999</maxVolumes>
<minVolumes>0</minVolumes>
<normalForm>Third</normalForm>
<attributes itemClass="oracle.dbtools.crest.model.design.logical.Attribute">
<Attribute name="Id_Cargo" id="8D9F2391-2C1D-5403-A60E-53B54C2F8DB3">
<createdBy>veltran</createdBy>
<createdTime>2026-01-25 19:07:34 UTC</createdTime>
<ownerDesignName>Sumativa I</ownerDesignName>
<engineerTo>
<item key="66EBA51E-90F4-4FEF-353F-9CD4EF20FF03" value="true"/>
</engineerTo>
<useDomainConstraints>false</useDomainConstraints>
<use>1</use>
<logicalDatatype>LOGDT019</logicalDatatype>
<dataTypePrecision>3</dataTypePrecision>
<ownDataTypeParameters>,3,</ownDataTypeParameters>
</Attribute>
<Attribute name="Nombre_Cargo" id="FA36A25D-2DCB-3ADA-146B-20D5E3938A03">
<createdBy>veltran</createdBy>
<createdTime>2026-01-25 19:07:55 UTC</createdTime>
<ownerDesignName>Sumativa I</ownerDesignName>
<engineerTo>
<item key="66EBA51E-90F4-4FEF-353F-9CD4EF20FF03" value="true"/>
</engineerTo>
<useDomainConstraints>false</useDomainConstraints>
<use>1</use>
<logicalDatatype>LOGDT024</logicalDatatype>
<dataTypeSize>50</dataTypeSize>
<ownDataTypeParameters>50,,</ownDataTypeParameters>
</Attribute>
<Attribute name="Descripcion_Cargo" id="2324834C-9A82-347E-3BBE-82AE4DFFC526">
<createdBy>veltran</createdBy>
<createdTime>2026-01-25 19:09:05 UTC</createdTime>
<ownerDesignName>Sumativa I</ownerDesignName>
<engineerTo>
<item key="66EBA51E-90F4-4FEF-353F-9CD4EF20FF03" value="true"/>
</engineerTo>
<useDomainConstraints>false</useDomainConstraints>
<use>1</use>
<logicalDatatype>LOGDT024</logicalDatatype>
<dataTypeSize>100</dataTypeSize>
<ownDataTypeParameters>100,,</ownDataTypeParameters>
</Attribute>
</attributes>
<identifiers itemClass="oracle.dbtools.crest.model.design.logical.CandidateKey">
<identifier id="36FEB5AF-C399-5004-F6F6-212483AC5CAD" name="Cargo PK">
<createdBy>veltran</createdBy>
<createdTime>2026-01-25 19:07:38 UTC</createdTime>
<ownerDesignName>Sumativa I</ownerDesignName>
<engineerTo>
<item key="66EBA51E-90F4-4FEF-353F-9CD4EF20FF03" value="true"/>
</engineerTo>
<pk>true</pk>
<usedAttributes>
<attributeRef>8D9F2391-2C1D-5403-A60E-53B54C2F8DB3</attributeRef>
</usedAttributes>
</identifier>
<identifier id="03AC3CB7-96CB-7FF9-7160-944826D13BB5" name="Nombre_Cargo">
<createdBy>veltran</createdBy>
<createdTime>2026-01-25 19:09:21 UTC</createdTime>
<ownerDesignName>Sumativa I</ownerDesignName>
<engineerTo>
<item key="66EBA51E-90F4-4FEF-353F-9CD4EF20FF03" value="true"/>
</engineerTo>
<newElementsIDs>FA36A25D-2DCB-3ADA-146B-20D5E3938A03</newElementsIDs>
<usedAttributes>
<attributeRef>FA36A25D-2DCB-3ADA-146B-20D5E3938A03</attributeRef>
</usedAttributes>
</identifier>
</identifiers>
</Entity>