<?xml version = '1.0' encoding = 'UTF-8'?>
<Entity class="oracle.dbtools.crest.model.design.logical.Entity" directorySegmentName="seg_0" id="F1B5129F-7CBD-A95A-CE9E-648B49895618" name="Sucursal">
<createdBy>veltran</createdBy>
<createdTime>2026-01-25 18:36:04 UTC</createdTime>
<ownerDesignName>Sumativa I</ownerDesignName>
<engineerTo>
<item key="66EBA51E-90F4-4FEF-353F-9CD4EF20FF03" value="true"/>
</engineerTo>
<adequatelyNormalized>NO</adequatelyNormalized>
<expectedVolumes>0</expectedVolumes>
<fwdEngineeringStrategyName>Single Table</fwdEngineeringStrategyName>
<growthPercent>0</growthPercent>
<growthType>Year</growthType>
<maxVolumes>9999999</maxVolumes>
<minVolumes>0</minVolumes>
<normalForm>Third</normalForm>
<attributes itemClass="oracle.dbtools.crest.model.design.logical.Attribute">
<Attribute name="Num_Sucursal" id="9D507FB6-D98C-7869-202D-C652EBE70C5B">
<createdBy>veltran</createdBy>
<createdTime>2026-01-25 18:36:13 UTC</createdTime>
<ownerDesignName>Sumativa I</ownerDesignName>
<engineerTo>
<item key="66EBA51E-90F4-4FEF-353F-9CD4EF20FF03" value="true"/>
</engineerTo>
<useDomainConstraints>false</useDomainConstraints>
<use>1</use>
<logicalDatatype>LOGDT019</logicalDatatype>
<dataTypePrecision>2</dataTypePrecision>
<ownDataTypeParameters>,2,</ownDataTypeParameters>
</Attribute>
<Attribute name="Nombre_Sucursal" id="2F01F88A-20B8-9C5A-123A-179BAE0D1F08">
<createdBy>veltran</createdBy>
<createdTime>2026-01-25 18:37:09 UTC</createdTime>
<ownerDesignName>Sumativa I</ownerDesignName>
<engineerTo>
<item key="66EBA51E-90F4-4FEF-353F-9CD4EF20FF03" value="true"/>
</engineerTo>
<useDomainConstraints>false</useDomainConstraints>
<use>1</use>
<logicalDatatype>LOGDT024</logicalDatatype>
<dataTypeSize>50</dataTypeSize>
<ownDataTypeParameters>50,,</ownDataTypeParameters>
</Attribute>
<Attribute name="Direccion_Completa" id="58AD3126-97F3-30CE-957B-71A017FEF433">
<createdBy>veltran</createdBy>
<createdTime>2026-01-25 18:39:29 UTC</createdTime>
<ownerDesignName>Sumativa I</ownerDesignName>
<engineerTo>
<item key="66EBA51E-90F4-4FEF-353F-9CD4EF20FF03" value="true"/>
</engineerTo>
<useDomainConstraints>false</useDomainConstraints>
<use>1</use>
<logicalDatatype>LOGDT024</logicalDatatype>
<dataTypeSize>100</dataTypeSize>
<ownDataTypeParameters>100,,</ownDataTypeParameters>
</Attribute>
</attributes>
<identifiers itemClass="oracle.dbtools.crest.model.design.logical.CandidateKey">
<identifier id="B640F0F2-410F-9AE1-C65A-BE410BD4389C" name="Sucursal PK">
<createdBy>veltran</createdBy>
<createdTime>2026-01-25 18:37:02 UTC</createdTime>
<ownerDesignName>Sumativa I</ownerDesignName>
<engineerTo>
<item key="66EBA51E-90F4-4FEF-353F-9CD4EF20FF03" value="true"/>
</engineerTo>
<pk>true</pk>
<usedAttributes>
<attributeRef>9D507FB6-D98C-7869-202D-C652EBE70C5B</attributeRef>
</usedAttributes>
</identifier>
<identifier id="FF621371-AF40-BDD3-D33B-CDA413438F2A" name="Nombre_Sucursal">
<createdBy>veltran</createdBy>
<createdTime>2026-01-25 18:38:50 UTC</createdTime>
<ownerDesignName>Sumativa I</ownerDesignName>
<engineerTo>
<item key="66EBA51E-90F4-4FEF-353F-9CD4EF20FF03" value="true"/>
</engineerTo>
<newElementsIDs>2F01F88A-20B8-9C5A-123A-179BAE0D1F08</newElementsIDs>
<usedAttributes>
<attributeRef>2F01F88A-20B8-9C5A-123A-179BAE0D1F08</attributeRef>
</usedAttributes>
</identifier>
</identifiers>
</Entity>