<?xml version = '1.0' encoding = 'UTF-8'?>
<Diagram class="oracle.dbtools.crest.swingui.logical.DPVLogical" name="Logical" id="72133621-CD11-A4C0-16E7-4628253A8569">
<createdBy>benjv</createdBy>
<modifiedBy>benjv</modifiedBy>
<createdTime>2026-02-03 20:20:39 UTC</createdTime>
<autoRoute>false</autoRoute>
<boxInbox>false</boxInbox>
<showLegend>false</showLegend>
<showLabels>false</showLabels>
<showRelAttributes>true</showRelAttributes>
<gridEnabled>false</gridEnabled>
<showGrid>false</showGrid>
<diagramColor>-1</diagramColor>
<display>false</display>
<notation>1</notation>
<objectViews>
<OView class="oracle.dbtools.crest.swingui.logical.TVEntity" oid="102440CB-C981-BC01-5709-8D8EC45E0080" otype="Entity" vid="ACE55D7C-AC04-6DCA-516E-DBC19D904CC9">
<hideElementsInCurrentOnly>false</hideElementsInCurrentOnly>
<bounds x="637" y="23" width="323" height="202"/>
</OView>
<OView class="oracle.dbtools.crest.swingui.logical.TVEntity" oid="10554719-DB88-DE7A-22E5-43C387E9B752" otype="Entity" vid="E2DC3DC4-3E22-E3C4-649C-D9802F138BFD">
<hideElementsInCurrentOnly>false</hideElementsInCurrentOnly>
<bounds x="1451" y="421" width="203" height="87"/>
</OView>
<OView class="oracle.dbtools.crest.swingui.logical.TVEntity" oid="11FC45CD-44E3-34E9-5098-EC11B61558F9" otype="Entity" vid="4D041E30-E6C1-F5F7-9A6D-3D215A415D16">
<hideElementsInCurrentOnly>false</hideElementsInCurrentOnly>
<bounds x="218" y="137" width="224" height="110"/>
</OView>
<OView class="oracle.dbtools.crest.swingui.logical.TVEntity" oid="1A7D32F1-A94D-D6A2-3ED3-862A0746E3E6" otype="Entity" vid="79BE1F1B-DF47-92A7-16A6-FDD5371F53BA">
<hideElementsInCurrentOnly>false</hideElementsInCurrentOnly>
<bounds x="1181" y="706" width="246" height="123"/>
</OView>
<OView class="oracle.dbtools.crest.swingui.logical.TVEntity" oid="3D33A3FE-9EBE-E691-E3D3-9951E0D05FC3" otype="Entity" vid="66C29C3B-9F9D-771A-F0E4-EDAC65A806F4">
<hideElementsInCurrentOnly>false</hideElementsInCurrentOnly>
<bounds x="707" y="721" width="187" height="110"/>
</OView>
<OView class="oracle.dbtools.crest.swingui.logical.TVEntity" oid="3F75412A-82D4-2C56-925C-98CC8C70F387" otype="Entity" vid="D397C8FC-96B4-A356-2F31-1D79DF52410A">
<hideElementsInCurrentOnly>false</hideElementsInCurrentOnly>
<bounds x="1056" y="366" width="216" height="93"/>
</OView>
<OView class="oracle.dbtools.crest.swingui.logical.TVEntity" oid="852A3AA0-C71F-5364-43CC-A374FB6EA429" otype="Entity" vid="AEA2BE75-1B16-796B-2CB4-F1746BFFF152">
<hideElementsInCurrentOnly>false</hideElementsInCurrentOnly>
<bounds x="1083" y="109" width="223" height="52"/>
</OView>
<OView class="oracle.dbtools.crest.swingui.logical.TVEntity" oid="8B2F45B1-7EF1-5371-7F63-80E8EECA02BD" otype="Entity" vid="73257A34-52D2-D64F-511A-7342E72FE1A7">
<hideElementsInCurrentOnly>false</hideElementsInCurrentOnly>
<bounds x="217" y="351" width="226" height="110"/>
</OView>
<OView class="oracle.dbtools.crest.swingui.logical.TVEntity" oid="A78F31F2-92D0-85AE-0DE0-43D68161E495" otype="Entity" vid="BD6CF3CC-B7AF-0A93-C885-F934EF92FCBC">
<hideElementsInCurrentOnly>false</hideElementsInCurrentOnly>
<bounds x="634" y="304" width="324" height="194"/>
</OView>
<OView class="oracle.dbtools.crest.swingui.logical.TVEntity" oid="AFB2D366-7B86-9BE6-3CE8-4CFDC73ACB13" otype="Entity" vid="32491A60-6D5A-247F-D3C6-80DD7FD4FEA1">
<hideElementsInCurrentOnly>false</hideElementsInCurrentOnly>
<bounds x="1283" y="201" width="225" height="110"/>
</OView>
<OView class="oracle.dbtools.crest.swingui.logical.TVEntity" oid="B32F43F5-E6CF-34C3-737D-416DCDE29AA6" otype="Entity" vid="A5285344-11DC-7B76-3769-CF2F48912070">
<hideElementsInCurrentOnly>false</hideElementsInCurrentOnly>
<bounds x="1085" y="40" width="218" height="53"/>
</OView>
</objectViews>
<connectors>
<Connector class="oracle.dbtools.crest.swingui.logical.TVRelation" oid="026E984E-6762-6BE3-B0C3-6321ADDE55D9" otype="Relation" vid_source="73257A34-52D2-D64F-511A-7342E72FE1A7" vid_target="BD6CF3CC-B7AF-0A93-C885-F934EF92FCBC">
<hideElementsInCurrentOnly>false</hideElementsInCurrentOnly>
<backgroundColor>-16777216</backgroundColor>
<lineWidth>1</lineWidth>
<points>
<point x="443" y="406"/>
<point x="634" y="406"/>
</points>
</Connector>
<Connector class="oracle.dbtools.crest.swingui.logical.TVInheritanceRelation" oid="26DDC17D-CD28-25F6-03DB-CEBE18138E00" otype="Hierarchy relation" vid_source="ACE55D7C-AC04-6DCA-516E-DBC19D904CC9" vid_target="AEA2BE75-1B16-796B-2CB4-F1746BFFF152">
<hideElementsInCurrentOnly>false</hideElementsInCurrentOnly>
<backgroundColor>-65536</backgroundColor>
<lineWidth>1</lineWidth>
<points>
<point x="960" y="135"/>
<point x="1083" y="135"/>
</points>
</Connector>
<Connector class="oracle.dbtools.crest.swingui.logical.TVRelation" oid="2EE1D7A5-83FF-973E-9919-A9B02E83221B" otype="Relation" vid_source="4D041E30-E6C1-F5F7-9A6D-3D215A415D16" vid_target="73257A34-52D2-D64F-511A-7342E72FE1A7">
<hideElementsInCurrentOnly>false</hideElementsInCurrentOnly>
<backgroundColor>-16777216</backgroundColor>
<lineWidth>1</lineWidth>
<points>
<point x="330" y="247"/>
<point x="330" y="351"/>
</points>
</Connector>
<Connector class="oracle.dbtools.crest.swingui.logical.TVRelation" oid="37699C6F-F54B-1E60-2A64-4D1E379522C7" otype="Relation" vid_source="32491A60-6D5A-247F-D3C6-80DD7FD4FEA1" vid_target="D397C8FC-96B4-A356-2F31-1D79DF52410A">
<hideElementsInCurrentOnly>false</hideElementsInCurrentOnly>
<backgroundColor>-16777216</backgroundColor>
<lineWidth>1</lineWidth>
<points>
<point x="1283" y="262"/>
<point x="1145" y="262"/>
<point x="1145" y="366"/>
</points>
</Connector>
<Connector class="oracle.dbtools.crest.swingui.logical.TVRelation" oid="3A5A0F4C-D27D-7DF7-FE25-2F3A08431AF9" otype="Relation" vid_source="32491A60-6D5A-247F-D3C6-80DD7FD4FEA1" vid_target="ACE55D7C-AC04-6DCA-516E-DBC19D904CC9">
<hideElementsInCurrentOnly>false</hideElementsInCurrentOnly>
<backgroundColor>-16777216</backgroundColor>
<lineWidth>1</lineWidth>
<points>
<point x="1283" y="213"/>
<point x="960" y="213"/>
</points>
</Connector>
<Connector class="oracle.dbtools.crest.swingui.logical.TVRelation" oid="52B83D6A-6441-4DD4-6B26-BE2CA2D77E0F" otype="Relation" vid_source="BD6CF3CC-B7AF-0A93-C885-F934EF92FCBC" vid_target="66C29C3B-9F9D-771A-F0E4-EDAC65A806F4">
<hideElementsInCurrentOnly>false</hideElementsInCurrentOnly>
<backgroundColor>-16777216</backgroundColor>
<lineWidth>1</lineWidth>
<centerLabel class="oracle.dbtools.crest.model.design.Label">
<site>1</site>
<labelBounds x="105" y="330" width="180" height="86"/>
<noBackgroundColor>true</noBackgroundColor>
<noForegroundColor>true</noForegroundColor>
</centerLabel>
<points>
<point x="797" y="498"/>
<point x="797" y="626"/>
<point x="797" y="721"/>
</points>
</Connector>
<Connector class="oracle.dbtools.crest.swingui.logical.TVInheritanceRelation" oid="5F8B45DB-25BC-BB2B-C4C2-C90FEDBEA9D2" otype="Hierarchy relation" vid_source="ACE55D7C-AC04-6DCA-516E-DBC19D904CC9" vid_target="A5285344-11DC-7B76-3769-CF2F48912070">
<hideElementsInCurrentOnly>false</hideElementsInCurrentOnly>
<backgroundColor>-65536</backgroundColor>
<lineWidth>1</lineWidth>
<points>
<point x="960" y="66"/>
<point x="1085" y="66"/>
</points>
</Connector>
<Connector class="oracle.dbtools.crest.swingui.logical.TVRelation" oid="A13DAC27-B12E-8256-57F1-246DBAD4ECAA" otype="Relation" vid_source="32491A60-6D5A-247F-D3C6-80DD7FD4FEA1" vid_target="79BE1F1B-DF47-92A7-16A6-FDD5371F53BA">
<hideElementsInCurrentOnly>false</hideElementsInCurrentOnly>
<backgroundColor>-16777216</backgroundColor>
<lineWidth>1</lineWidth>
<points>
<point x="1355" y="311"/>
<point x="1355" y="706"/>
</points>
</Connector>
<Connector class="oracle.dbtools.crest.swingui.logical.TVRelation" oid="A2392FD0-2D05-C763-324B-862998423958" otype="Relation" vid_source="E2DC3DC4-3E22-E3C4-649C-D9802F138BFD" vid_target="32491A60-6D5A-247F-D3C6-80DD7FD4FEA1">
<hideElementsInCurrentOnly>false</hideElementsInCurrentOnly>
<backgroundColor>-16777216</backgroundColor>
<lineWidth>1</lineWidth>
<points>
<point x="1479" y="421"/>
<point x="1479" y="311"/>
</points>
</Connector>
<Connector class="oracle.dbtools.crest.swingui.logical.TVRelation" oid="E501E8B7-0B04-09C0-580E-E1CF5BD00288" otype="Relation" vid_source="ACE55D7C-AC04-6DCA-516E-DBC19D904CC9" vid_target="BD6CF3CC-B7AF-0A93-C885-F934EF92FCBC">
<hideElementsInCurrentOnly>false</hideElementsInCurrentOnly>
<backgroundColor>-16777216</backgroundColor>
<lineWidth>1</lineWidth>
<points>
<point x="797" y="225"/>
<point x="797" y="304"/>
</points>
</Connector>
<Connector class="oracle.dbtools.crest.swingui.logical.TVRelation" oid="E961DE19-D7B8-5D0A-F1EF-FBB18FB0B51B" otype="Relation" vid_source="D397C8FC-96B4-A356-2F31-1D79DF52410A" vid_target="BD6CF3CC-B7AF-0A93-C885-F934EF92FCBC">
<hideElementsInCurrentOnly>false</hideElementsInCurrentOnly>
<backgroundColor>-16777216</backgroundColor>
<lineWidth>1</lineWidth>
<points>
<point x="1056" y="412"/>
<point x="958" y="412"/>
</points>
</Connector>
<Connector class="oracle.dbtools.crest.swingui.logical.TVRelation" oid="FBFDF298-AB7D-746D-0509-8C08A9768434" otype="Relation" vid_source="79BE1F1B-DF47-92A7-16A6-FDD5371F53BA" vid_target="66C29C3B-9F9D-771A-F0E4-EDAC65A806F4">
<hideElementsInCurrentOnly>false</hideElementsInCurrentOnly>
<backgroundColor>-16777216</backgroundColor>
<lineWidth>1</lineWidth>
<points>
<point x="1181" y="775"/>
<point x="894" y="775"/>
</points>
</Connector>
</connectors>
</Diagram>