<?xml version = '1.0' encoding = 'UTF-8'?>
<Diagram class="oracle.dbtools.crest.swingui.logical.DPVLogicalSubView" name="Logical - SubView_1" id="BB961847-3992-42AA-A804-6D0CD51DD61B">
<createdBy>benjv</createdBy>
<modifiedBy>benjv</modifiedBy>
<createdTime>2026-02-03 21:03:49 UTC</createdTime>
<autoRoute>false</autoRoute>
<boxInbox>false</boxInbox>
<showLegend>false</showLegend>
<showLabels>false</showLabels>
<showRelAttributes>false</showRelAttributes>
<gridEnabled>false</gridEnabled>
<showGrid>false</showGrid>
<diagramColor>-1</diagramColor>
<display>false</display>
<notation>1</notation>
<objectViews>
<OView class="oracle.dbtools.crest.swingui.logical.TVEntity" oid="852A3AA0-C71F-5364-43CC-A374FB6EA429" otype="Entity" vid="FCDDCA2F-DDA0-5A39-DBB1-B99FC806EF8A">
<hideElementsInCurrentOnly>false</hideElementsInCurrentOnly>
<bounds x="609" y="856" width="170" height="110"/>
</OView>
</objectViews>
</Diagram>