<?xml version = '1.0' encoding = 'UTF-8'?>
<FKArc class="oracle.dbtools.crest.model.design.relational.FKArc" directorySegmentName="seg_0" id="CAB47250-F61E-C5D6-40F0-E09F82BA610D" name="FKArc_1">
<createdBy>benjv</createdBy>
<createdTime>2026-02-05 16:43:40 UTC</createdTime>
<ownerDesignName>Sumativa II</ownerDesignName>
<mandatory>false</mandatory>
<reverseArc>true</reverseArc>
<table>A1025795-34A6-D861-542B-D225036C372C</table>
<discriminatorColumn>10EB2587-F566-1963-192B-F9FC83B04E16</discriminatorColumn>
<fkeys>
<fkeyID>3FAF7199-4177-E0A5-11AD-6CEC139377CF</fkeyID>
<fkeyID>CAB69A9D-B94A-CDA9-D0A1-DA0D846E27F5</fkeyID>
</fkeys>
</FKArc>